id,entrada,saida,cliente_id,vaga_id,veiculo_id
1,2017-02-08 09:00:50,2017-02-08 10:00:50 UTC,562,282,713
2,2015-12-28 23:18:55,2015-12-29 00:18:55 UTC,987,280,110
3,2017-10-05 12:08:34,2016-10-15 01:40:45,441,260,75
4,2021-05-30 09:30:05,2019-05-01 07:13:04,403,245,737
5,2018-05-20 12:26:07,2016-05-12 01:01:47,636,185,164
6,2016-01-26 14:32:35,2015-07-04 02:42:23,895,57,740
7,2016-02-20 04:05:07,2015-06-28 05:54:56,943,91,791
8,2017-06-18 01:40:49,2017-02-05 11:29:56,482,29,774
9,2022-01-07 11:40:52,2021-03-28 17:43:19,728,203,938
10,2016-05-22 04:42:25,2015-06-27 03:58:48,905,154,837
11,2016-01-21 02:54:45,2016-01-21 03:54:45 UTC,545,126,139
12,2015-07-09 01:10:12,2015-07-09 02:10:12 UTC,942,223,478
13,2015-07-12 22:25:22,2015-07-12 23:25:22 UTC,818,207,901
14,2019-09-03 11:42:58,2019-09-03 12:42:58 UTC,705,1,672
15,2022-03-15 06:04:47,2020-08-30 20:29:48,854,6,63
16,2019-08-06 07:55:24,2017-11-08 02:03:42,160,75,923
17,2018-07-23 12:14:49,2018-07-23 13:14:49 UTC,522,22,650
18,2018-10-25 00:05:10,2018-10-25 01:05:10 UTC,406,158,806
19,2018-06-23 22:21:59,2016-01-10 00:51:49,902,105,205
20,2022-04-26 03:27:50,2017-02-27 18:27:11,868,99,313
21,2016-09-19 16:12:25,2016-09-19 17:12:25 UTC,490,300,385
22,2018-10-08 19:33:19,2018-10-08 20:33:19 UTC,119,184,180
23,2020-07-01 22:21:34,2018-10-05 15:26:55,529,122,835
24,2021-08-22 11:01:25,2018-03-11 10:40:15,292,96,187
25,2015-08-30 19:39:24,2015-08-30 20:39:24 UTC,726,177,955
26,2021-10-01 12:39:53,2015-09-26 12:53:06,163,187,291
27,2020-01-21 18:40:12,2017-06-21 00:12:52,193,65,77
28,2020-12-17 05:14:58,2017-07-17 20:54:26,218,250,551
29,2021-06-09 01:52:50,2019-02-19 19:26:52,751,235,188
30,2018-03-30 00:50:07,2018-03-30 01:50:07 UTC,259,297,837
31,2018-05-04 18:38:45,2018-05-04 19:38:45 UTC,412,274,748
32,2016-02-04 13:12:12,2016-02-04 14:12:12 UTC,681,221,440
33,2016-03-13 17:51:38,2016-03-13 18:51:38 UTC,820,145,938
34,2019-08-09 10:31:54,2019-08-09 11:31:54 UTC,185,223,620
35,2017-01-19 06:38:09,2017-01-19 07:38:09 UTC,593,74,101
36,2016-08-25 18:16:30,2016-08-25 19:16:30 UTC,942,107,777
37,2021-02-04 13:03:18,2020-08-18 01:59:56,455,149,757
38,2016-06-16 14:51:07,2016-06-16 15:51:07 UTC,78,56,28
39,2016-06-11 17:03:21,2016-04-22 12:34:17,992,197,558
40,2017-02-28 02:10:50,2017-02-28 03:10:50 UTC,552,264,946
41,2020-03-23 18:32:23,2020-03-23 19:32:23 UTC,777,298,939
42,2021-07-09 23:48:18,2019-08-24 20:33:24,226,123,871
43,2015-07-24 10:06:56,2015-07-24 11:06:56 UTC,567,138,437
44,2016-05-15 01:35:11,2016-05-15 02:35:11 UTC,573,145,486
45,2017-12-14 14:09:23,2017-12-14 15:09:23 UTC,767,164,131
46,2020-05-26 03:18:18,2018-09-25 20:30:40,967,3,595
47,2018-09-25 18:18:02,2017-10-19 11:34:42,985,22,925
48,2016-05-07 13:22:17,2016-03-27 11:25:47,595,89,36
49,2017-12-31 12:17:25,2017-12-12 13:04:17,49,104,622
50,2021-07-04 15:46:30,2019-06-21 05:00:31,981,48,676
51,2017-12-19 13:36:33,2017-12-19 14:36:33 UTC,296,167,924
52,2021-04-21 18:39:34,2019-01-03 08:46:44,137,131,5
53,2019-06-21 12:17:45,2019-06-21 13:17:45 UTC,974,262,517
54,2018-01-23 23:48:59,2018-01-24 00:48:59 UTC,308,103,303
55,2015-07-26 23:33:14,2015-07-27 00:33:14 UTC,116,84,297
56,2020-08-12 17:42:54,2017-03-25 12:52:39,188,37,33
57,2015-10-07 21:10:38,2015-10-07 22:10:38 UTC,523,12,545
58,2018-02-03 04:15:31,2018-02-03 05:15:31 UTC,330,82,919
59,2021-11-08 05:54:22,2017-05-03 22:00:37,26,253,398
60,2016-05-24 06:11:08,2016-05-24 07:11:08 UTC,113,23,903
61,2021-02-01 09:46:43,2015-12-17 10:01:14,303,200,758
62,2018-12-08 00:15:49,2017-11-18 13:33:08,234,85,253
63,2021-04-01 04:25:40,2021-04-01 05:25:40 UTC,386,148,77
64,2015-10-04 00:26:59,2015-10-04 01:26:59 UTC,859,167,481
65,2021-01-23 23:37:45,2017-02-02 19:24:46,57,149,649
66,2020-11-08 13:06:20,2016-03-17 14:32:35,664,230,385
67,2020-08-07 19:22:23,2016-04-09 10:37:00,831,73,910
68,2017-04-02 02:59:03,2016-04-25 20:38:23,842,246,597
69,2019-02-28 18:27:39,2016-10-22 05:56:55,10,118,667
70,2021-11-14 05:46:44,2019-03-18 16:52:11,925,43,650
71,2020-01-05 04:22:47,2020-01-05 05:22:47 UTC,862,65,188
72,2021-08-27 00:58:50,2016-11-28 18:12:44,527,42,745
73,2017-01-07 22:05:35,2017-01-07 23:05:35 UTC,255,190,136
74,2018-09-28 07:00:56,2018-09-28 08:00:56 UTC,604,290,935
75,2020-11-28 09:01:29,2019-03-17 10:35:58,849,229,642
76,2016-05-21 01:31:18,2016-05-21 02:31:18 UTC,750,38,480
77,2019-11-23 20:02:31,2019-02-26 15:25:38,344,242,831
78,2015-04-28 07:47:54,2015-04-28 08:47:54 UTC,830,95,46
79,2020-09-01 21:43:01,2020-05-22 02:14:54,847,53,241
80,2020-11-28 17:31:53,2016-11-08 11:40:29,289,59,659
81,2016-12-27 01:55:26,2016-12-27 02:55:26 UTC,893,151,43
82,2016-08-27 20:57:45,2016-08-27 21:57:45 UTC,626,220,909
83,2016-04-28 13:07:55,2015-09-16 05:52:57,183,227,147
84,2019-07-28 03:24:09,2019-07-28 04:24:09 UTC,792,207,790
85,2017-11-28 18:24:41,2017-06-19 13:36:54,89,294,301
86,2021-11-23 20:41:56,2020-08-22 02:59:06,901,188,100
87,2015-09-17 06:37:27,2015-09-17 07:37:27 UTC,826,141,430
88,2017-08-25 15:52:12,2017-08-25 16:52:12 UTC,339,14,31
89,2018-08-24 10:41:00,2015-08-04 09:23:54,313,39,841
90,2019-02-20 17:57:57,2018-05-12 02:24:24,343,175,892
91,2021-09-02 22:13:26,2018-11-02 13:26:40,2,33,649
92,2016-05-30 08:57:43,2016-05-30 09:57:43 UTC,90,71,202
93,2021-06-11 19:27:48,2021-02-25 23:36:52,753,76,386
94,2021-08-03 14:54:54,2021-07-05 05:26:51,237,37,445
95,2021-06-16 20:49:48,2018-11-12 19:11:21,559,50,279
96,2022-02-15 20:13:04,2017-06-17 21:49:25,189,89,859
97,2016-06-11 07:35:11,2016-06-11 08:35:11 UTC,303,229,322
98,2018-11-11 22:03:33,2018-06-19 13:29:53,637,187,768
99,2016-04-01 07:15:36,2016-04-01 08:15:36 UTC,298,278,530
100,2020-05-08 00:18:25,2019-03-05 06:08:12,267,295,373
101,2017-07-04 02:09:08,2017-03-24 07:42:06,551,70,877
102,2020-11-18 22:09:16,2015-05-28 09:21:24,10,6,928
103,2021-09-11 00:17:05,2017-01-08 19:25:12,952,234,552
104,2017-01-26 02:20:42,2017-01-26 03:20:42 UTC,466,27,781
105,2015-11-07 20:28:28,2015-11-07 21:28:28 UTC,193,289,605
106,2021-01-19 15:10:40,2018-02-10 15:36:18,711,81,121
107,2018-07-24 09:55:27,2015-06-03 12:10:35,891,111,716
108,2017-10-11 15:27:31,2015-10-13 17:17:57,14,186,501
109,2018-06-27 18:54:17,2018-06-27 19:54:17 UTC,115,265,621
110,2019-06-16 16:16:15,2019-06-16 17:16:15 UTC,753,212,8
111,2019-08-13 21:51:58,2016-08-28 16:24:51,103,255,544
112,2018-03-11 12:19:36,2018-03-11 13:19:36 UTC,771,197,526
113,2015-06-06 12:37:50,2015-06-06 13:37:50 UTC,277,62,579
114,2019-08-09 06:10:12,2019-08-09 07:10:12 UTC,534,89,568
115,2016-07-01 17:28:38,2016-07-01 18:28:38 UTC,390,101,508
116,2019-04-20 11:23:50,2017-06-24 08:24:16,940,31,262
117,2019-04-15 02:15:05,2016-08-24 04:26:19,151,292,188
118,2018-05-08 22:27:08,2018-05-08 23:27:08 UTC,476,242,533
119,2021-01-28 10:59:09,2021-01-28 11:59:09 UTC,16,104,159
120,2016-04-17 00:59:44,2016-04-17 01:59:44 UTC,200,102,34
121,2019-11-18 21:24:23,2016-08-28 08:29:02,187,88,922
122,2020-01-05 19:37:51,2019-12-11 09:05:35,381,106,452
123,2021-08-14 14:38:50,2018-09-27 13:44:57,460,156,811
124,2017-10-02 02:23:51,2016-07-14 07:14:42,993,189,767
125,2022-01-11 01:07:38,2019-04-09 13:52:35,829,9,613
126,2016-06-13 01:16:03,2016-06-13 02:16:03 UTC,625,221,121
127,2016-01-02 19:45:29,2016-01-02 20:45:29 UTC,350,63,708
128,2016-07-11 17:19:56,2015-06-09 07:15:47,321,117,143
129,2016-09-28 23:20:08,2016-09-29 00:20:08 UTC,111,55,39
130,2020-01-30 21:10:42,2017-08-13 16:34:42,792,150,323
131,2015-11-11 21:10:12,2015-11-11 22:10:12 UTC,430,300,656
132,2017-04-25 19:02:51,2016-01-28 10:12:41,700,168,743
133,2018-04-27 06:18:05,2018-04-27 07:18:05 UTC,527,211,799
134,2019-11-18 06:01:11,2018-03-15 16:05:54,931,231,70
135,2020-12-18 21:17:50,2017-04-24 18:20:49,224,163,643
136,2016-06-18 21:53:08,2016-06-18 22:53:08 UTC,772,54,689
137,2017-02-05 09:32:37,2016-05-13 09:22:02,190,166,889
138,2018-03-07 21:47:33,2018-03-07 22:47:33 UTC,223,17,200
139,2016-03-01 23:18:43,2016-03-02 00:18:43 UTC,972,153,278
140,2015-10-03 05:15:53,2015-10-03 06:15:53 UTC,52,33,361
141,2017-10-11 05:49:17,2016-10-24 04:32:43,698,248,947
142,2017-08-17 14:18:39,2015-06-30 14:42:31,156,175,314
143,2018-06-03 01:22:39,2018-06-03 02:22:39 UTC,440,87,830
144,2020-06-20 22:23:07,2016-09-30 23:23:50,815,12,642
145,2016-07-09 11:46:33,2016-07-09 12:46:33 UTC,60,277,174
146,2019-09-03 03:27:47,2019-03-16 01:26:51,402,30,124
147,2021-08-20 08:36:23,2017-01-03 05:52:56,667,147,667
148,2021-06-05 07:10:15,2018-03-10 15:16:31,984,181,273
149,2017-05-02 18:48:15,2017-05-02 19:48:15 UTC,935,278,220
150,2019-10-25 14:28:34,2019-10-25 15:28:34 UTC,962,5,451
151,2021-10-26 21:25:56,2017-12-17 22:58:22,890,10,153
152,2015-09-02 23:10:36,2015-06-02 04:30:49,93,129,816
153,2015-09-13 14:03:45,2015-09-13 15:03:45 UTC,212,218,285
154,2016-09-08 07:50:09,2016-09-08 08:50:09 UTC,81,203,993
155,2020-05-02 06:37:51,2015-10-24 12:31:04,39,251,264
156,2021-12-11 02:35:52,2018-02-20 17:31:23,7,117,197
157,2016-08-22 17:22:47,2016-08-22 18:22:47 UTC,730,282,665
158,2018-12-01 12:19:25,2018-12-01 13:19:25 UTC,648,197,831
159,2015-08-23 13:04:46,2015-08-23 14:04:46 UTC,64,224,795
160,2016-04-16 16:09:50,2016-04-16 17:09:50 UTC,840,8,61
161,2019-10-25 06:01:10,2018-12-25 01:35:28,470,201,478
162,2019-02-16 11:08:32,2017-03-07 23:33:22,484,156,424
163,2021-09-18 23:13:33,2020-02-21 01:08:07,176,66,916
164,2016-02-01 02:21:07,2016-02-01 03:21:07 UTC,8,18,25
165,2019-01-01 17:30:12,2019-01-01 18:30:12 UTC,353,282,787
166,2020-10-23 19:15:33,2015-07-27 19:30:07,337,205,691
167,2018-07-14 06:30:07,2017-01-11 05:14:48,601,288,588
168,2021-12-07 02:37:14,2021-01-20 17:21:00,926,169,403
169,2020-12-31 09:32:54,2020-12-31 10:32:54 UTC,399,122,558
170,2019-07-31 18:46:21,2015-09-07 12:20:15,40,114,712
171,2016-10-17 19:48:25,2016-10-17 20:48:25 UTC,152,182,491
172,2016-09-05 02:38:10,2016-09-05 03:38:10 UTC,127,85,602
173,2015-12-09 23:50:15,2015-12-10 00:50:15 UTC,730,5,534
174,2020-09-21 11:18:13,2020-09-21 12:18:13 UTC,240,78,519
175,2019-06-10 19:14:18,2016-07-04 02:08:13,189,205,863
176,2021-02-23 13:48:24,2019-05-26 18:56:30,228,24,357
177,2015-06-25 22:34:59,2015-06-25 23:34:59 UTC,527,138,996
178,2020-02-05 14:19:34,2015-06-08 20:01:35,863,160,704
179,2020-09-24 08:03:38,2017-12-29 20:10:26,713,77,60
180,2021-03-25 10:53:08,2018-12-18 23:06:58,47,188,17
181,2019-12-18 22:51:29,2016-03-26 05:35:59,113,280,655
182,2018-02-17 07:24:41,2018-02-17 08:24:41 UTC,571,114,20
183,2016-08-26 15:03:28,2016-08-26 16:03:28 UTC,481,215,397
184,2021-02-08 13:57:27,2016-08-30 19:52:42,996,185,750
185,2016-09-11 11:12:43,2016-09-11 12:12:43 UTC,171,119,918
186,2016-04-09 10:47:39,2016-04-09 11:47:39 UTC,622,259,104
187,2021-10-16 19:12:23,2015-10-20 20:38:53,161,75,530
188,2017-05-13 13:53:35,2017-05-13 14:53:35 UTC,88,22,740
189,2017-09-10 01:32:59,2016-03-30 02:16:53,497,104,672
190,2017-03-03 14:47:08,2015-09-05 22:47:31,154,15,476
191,2019-08-15 19:54:18,2019-08-15 20:54:18 UTC,63,81,727
192,2017-12-13 16:41:43,2017-12-13 17:41:43 UTC,714,67,8
193,2021-03-09 05:02:48,2018-08-11 04:10:04,783,290,451
194,2020-05-06 16:53:53,2015-05-25 07:35:46,864,228,351
195,2016-02-24 12:49:01,2016-02-24 13:49:01 UTC,491,276,748
196,2016-09-12 00:12:38,2016-09-12 01:12:38 UTC,238,39,516
197,2020-03-03 18:04:38,2015-07-23 09:46:50,177,130,830
198,2016-04-12 00:57:49,2016-04-12 01:57:49 UTC,16,273,358
199,2021-02-23 14:56:59,2021-02-23 15:56:59 UTC,798,200,100
200,2019-11-22 06:59:41,2019-11-22 07:59:41 UTC,27,76,27
201,2015-08-22 05:21:40,2015-08-22 06:21:40 UTC,125,171,792
202,2016-06-16 09:18:33,2015-10-20 01:49:09,925,278,50
203,2019-05-01 09:00:36,2017-06-25 23:20:21,92,104,884
204,2020-08-01 21:40:23,2019-01-11 02:21:45,182,132,563
205,2020-09-01 17:15:27,2020-04-09 02:36:16,514,300,462
206,2020-07-07 09:17:47,2020-07-07 10:17:47 UTC,680,213,842
207,2015-06-08 19:34:04,2015-06-08 20:34:04 UTC,987,173,267
208,2021-12-27 17:53:01,2017-05-02 17:03:32,703,277,339
209,2016-10-10 06:30:15,2016-10-10 07:30:15 UTC,113,206,130
210,2015-10-25 20:12:25,2015-10-25 21:12:25 UTC,145,215,171
211,2021-03-14 19:04:53,2015-09-26 18:16:00,430,135,917
212,2021-06-25 00:08:52,2016-06-22 05:22:48,932,299,836
213,2020-01-06 04:05:38,2015-10-17 09:10:01,274,232,540
214,2016-10-08 08:29:10,2016-10-08 09:29:10 UTC,951,223,100
215,2022-02-25 23:00:12,2019-10-04 03:19:18,703,71,498
216,2015-06-10 09:25:49,2015-06-10 10:25:49 UTC,582,257,563
217,2019-06-05 14:17:00,2019-06-05 15:17:00 UTC,832,100,25
218,2018-08-05 15:19:51,2018-08-05 16:19:51 UTC,93,109,750
219,2020-08-22 23:06:42,2020-03-24 18:24:04,1000,290,18
220,2022-04-20 22:35:14,2019-09-04 16:29:32,280,220,699
221,2018-02-15 17:24:46,2018-01-09 02:52:39,579,151,149
222,2015-08-13 02:18:43,2015-08-13 03:18:43 UTC,586,173,645
223,2016-10-23 23:14:32,2016-10-24 00:14:32 UTC,581,289,35
224,2019-09-05 06:18:08,2018-05-13 06:55:04,794,288,689
225,2018-05-20 10:15:59,2018-05-20 11:15:59 UTC,878,243,123
226,2021-09-09 12:27:22,2017-02-18 00:20:51,348,277,778
227,2017-12-03 13:43:24,2017-12-03 14:43:24 UTC,604,1,412
228,2016-02-10 07:09:02,2016-02-10 08:09:02 UTC,129,257,198
229,2017-04-24 07:51:57,2015-12-11 13:24:59,993,97,584
230,2019-01-17 13:15:50,2015-10-24 15:22:50,368,9,803
231,2022-03-08 19:11:41,2020-03-04 10:54:18,839,139,540
232,2017-03-16 17:43:09,2017-03-16 18:43:09 UTC,666,289,424
233,2018-10-01 22:00:57,2018-10-01 23:00:57 UTC,23,217,585
234,2020-02-18 14:50:02,2018-12-14 03:44:35,136,59,152
235,2015-08-08 10:18:26,2015-08-08 11:18:26 UTC,980,77,294
236,2020-07-27 03:06:44,2017-12-22 16:08:18,379,290,889
237,2018-04-22 12:59:59,2018-04-22 13:59:59 UTC,517,214,150
238,2016-10-02 03:10:54,2016-10-02 04:10:54 UTC,894,191,7
239,2017-10-15 09:31:11,2017-10-15 10:31:11 UTC,505,119,425
240,2018-09-10 21:25:56,2018-06-29 01:25:52,895,101,800
241,2017-11-13 05:59:42,2016-01-11 13:24:42,82,113,923
242,2021-09-12 18:56:51,2019-05-25 06:38:14,690,16,628
243,2019-01-20 22:18:39,2018-04-05 20:54:30,215,263,11
244,2015-09-22 19:28:13,2015-09-22 20:28:13 UTC,957,272,351
245,2015-09-15 08:20:28,2015-09-15 09:20:28 UTC,214,227,726
246,2016-11-16 20:48:24,2016-11-16 21:48:24 UTC,85,73,102
247,2016-04-25 20:14:01,2016-04-25 21:14:01 UTC,780,254,868
248,2018-12-15 08:59:46,2018-12-15 09:59:46 UTC,373,181,292
249,2021-04-16 05:58:56,2019-08-25 09:49:16,40,59,864
250,2021-08-23 21:09:03,2021-05-12 16:11:14,923,180,177
251,2020-01-22 11:29:22,2020-01-22 12:29:22 UTC,394,129,996
252,2016-07-20 08:18:47,2016-07-20 09:18:47 UTC,356,31,710
253,2016-07-30 12:22:42,2016-01-11 18:41:31,635,127,457
254,2019-02-03 23:50:09,2018-10-25 06:37:45,677,11,289
255,2020-10-11 13:10:47,2020-10-11 14:10:47 UTC,827,11,483
256,2016-11-06 18:49:43,2016-11-06 19:49:43 UTC,441,91,438
257,2020-12-12 01:40:52,2018-01-11 15:39:49,825,276,402
258,2017-09-16 18:13:06,2016-11-09 14:07:25,168,24,811
259,2020-10-19 15:05:39,2020-10-19 16:05:39 UTC,442,118,78
260,2019-05-05 13:46:13,2017-07-29 19:23:26,652,23,276
261,2019-01-20 21:42:38,2017-10-11 12:12:01,417,113,744
262,2017-05-23 09:11:21,2016-02-24 08:18:11,821,62,640
263,2020-12-20 19:58:00,2018-08-12 05:06:48,23,18,23
264,2021-02-24 15:05:29,2018-05-10 15:42:13,281,9,783
265,2017-02-10 06:55:59,2016-03-29 18:44:50,341,300,690
266,2019-08-04 12:52:12,2017-08-26 04:22:40,625,132,845
267,2015-11-02 16:32:21,2015-11-02 17:32:21 UTC,331,252,692
268,2017-10-23 16:31:23,2017-10-23 17:31:23 UTC,985,169,345
269,2022-01-06 17:36:13,2019-07-23 00:20:02,294,37,656
270,2018-10-14 08:22:55,2015-05-10 05:18:14,779,48,331
271,2022-03-29 00:54:08,2022-01-06 00:00:45,197,208,580
272,2016-07-23 00:55:42,2016-07-23 01:55:42 UTC,78,222,627
273,2017-11-03 05:46:00,2017-11-03 06:46:00 UTC,958,165,414
274,2015-11-28 21:27:59,2015-11-28 22:27:59 UTC,515,225,537
275,2016-03-26 17:37:12,2016-03-26 18:37:12 UTC,206,245,437
276,2019-08-17 06:24:58,2017-01-26 10:26:23,779,191,482
277,2016-07-14 11:17:52,2016-07-14 12:17:52 UTC,823,257,854
278,2018-12-06 02:53:21,2018-12-06 03:53:21 UTC,743,148,922
279,2021-05-04 18:00:45,2021-05-04 19:00:45 UTC,183,22,749
280,2018-09-07 18:52:04,2018-09-07 19:52:04 UTC,647,83,157
281,2017-02-26 02:23:26,2016-11-05 08:37:45,237,244,621
282,2018-08-16 00:12:37,2018-08-16 01:12:37 UTC,921,78,234
283,2017-05-24 03:49:26,2015-06-05 04:25:14,335,287,738
284,2022-02-22 10:55:56,2020-01-01 00:49:48,352,119,777
285,2015-09-18 03:23:05,2015-09-18 04:23:05 UTC,916,277,11
286,2019-03-30 06:18:22,2019-03-30 07:18:22 UTC,295,289,457
287,2015-12-30 07:49:51,2015-12-30 08:49:51 UTC,820,44,554
288,2015-08-30 21:46:30,2015-08-30 22:46:30 UTC,41,259,566
289,2016-11-01 11:10:02,2016-11-01 12:10:02 UTC,992,132,133
290,2021-09-13 10:38:15,2017-08-29 09:26:54,516,221,717
291,2020-10-20 03:45:48,2020-03-12 03:33:30,927,160,242
292,2022-03-11 01:37:34,2016-09-04 06:52:55,446,137,493
293,2021-07-03 00:11:28,2017-08-06 00:56:47,959,258,189
294,2016-11-18 17:06:11,2016-11-18 18:06:11 UTC,527,165,320
295,2021-06-23 00:20:27,2015-09-11 08:08:56,524,17,575
296,2018-10-16 12:48:28,2015-05-30 15:36:49,52,264,205
297,2021-10-20 23:16:04,2019-02-02 01:07:40,339,126,48
298,2021-04-30 15:18:45,2016-11-26 21:27:40,617,275,712
299,2020-03-23 23:05:15,2018-03-24 00:40:31,100,6,775
300,2022-03-04 11:32:00,2022-03-03 03:22:44,373,297,26
301,2015-12-27 00:01:01,2015-05-04 22:04:42,564,64,820
302,2019-03-13 21:47:27,2017-12-27 08:49:35,806,150,574
303,2018-05-05 10:29:10,2015-10-25 08:30:35,183,152,328
304,2016-09-28 06:31:28,2016-09-28 07:31:28 UTC,491,202,950
305,2020-06-28 02:14:38,2020-06-28 03:14:38 UTC,718,230,367
306,2015-05-09 13:26:16,2015-05-09 14:26:16 UTC,524,242,373
307,2017-06-08 19:25:30,2017-06-08 20:25:30 UTC,296,284,357
308,2022-01-14 08:44:57,2020-05-13 09:21:27,999,72,88
309,2016-03-07 02:50:16,2016-03-07 03:50:16 UTC,968,129,853
310,2016-12-17 04:16:56,2016-12-17 05:16:56 UTC,270,183,829
311,2017-01-09 01:17:04,2017-01-09 02:17:04 UTC,273,186,419
312,2020-02-13 18:10:53,2016-01-17 01:01:38,264,34,602
313,2016-02-27 06:21:38,2016-02-27 07:21:38 UTC,710,32,707
314,2019-07-26 14:22:30,2016-04-19 02:59:17,1000,287,878
315,2018-09-06 09:47:31,2017-06-27 19:04:09,226,240,840
316,2020-05-30 04:44:15,2017-07-29 01:21:12,593,169,808
317,2017-03-05 11:40:40,2017-03-05 12:40:40 UTC,654,222,892
318,2016-02-08 20:44:36,2015-11-29 15:26:36,405,30,292
319,2019-02-28 17:04:48,2017-10-25 18:47:41,250,234,230
320,2019-02-08 02:19:13,2015-07-18 21:37:52,151,74,36
321,2021-04-24 21:02:54,2016-09-18 06:14:00,878,237,58
322,2021-12-18 11:10:54,2021-07-17 10:40:41,75,294,678
323,2021-12-13 23:15:49,2021-10-21 12:05:02,117,138,150
324,2016-09-22 22:06:35,2016-09-22 23:06:35 UTC,404,110,78
325,2021-01-14 21:26:00,2018-01-28 10:41:08,87,290,18
326,2018-05-18 17:35:34,2018-05-18 18:35:34 UTC,790,160,40
327,2019-02-07 10:23:18,2019-02-07 11:23:18 UTC,164,28,18
328,2018-04-20 05:08:10,2018-01-10 11:31:17,895,266,761
329,2019-07-30 13:59:34,2018-06-25 03:56:40,408,135,70
330,2020-01-28 17:49:31,2018-06-12 01:49:07,461,148,682
331,2021-06-29 17:25:14,2019-11-20 05:00:28,468,123,87
332,2017-09-12 09:26:38,2016-08-04 12:05:46,608,215,786
333,2021-12-19 00:38:26,2015-12-11 03:11:30,833,78,811
334,2019-02-02 18:58:22,2019-02-02 19:58:22 UTC,805,158,688
335,2017-03-19 13:35:24,2017-03-19 14:35:24 UTC,805,273,984
336,2021-10-31 02:10:48,2020-12-20 15:33:56,598,43,48
337,2021-07-24 15:04:12,2018-07-14 18:16:00,380,70,37
338,2016-08-15 16:29:40,2016-08-15 17:29:40 UTC,317,294,849
339,2015-09-02 13:46:55,2015-09-02 14:46:55 UTC,480,300,419
340,2018-08-03 15:50:21,2018-08-03 16:50:21 UTC,446,150,887
341,2016-03-08 11:41:45,2016-03-08 12:41:45 UTC,629,247,315
342,2019-01-29 08:10:14,2019-01-29 09:10:14 UTC,918,260,518
343,2021-10-20 01:45:58,2017-04-25 03:22:37,244,217,556
344,2018-08-19 06:27:53,2017-06-19 17:36:36,264,67,869
345,2019-11-02 10:45:11,2017-09-14 04:32:19,970,259,702
346,2021-01-11 04:29:44,2021-01-11 05:29:44 UTC,359,115,295
347,2021-06-28 08:01:17,2019-09-01 16:04:38,854,248,285
348,2021-11-02 10:31:10,2021-11-02 11:31:10 UTC,422,248,616
349,2018-05-18 15:35:33,2018-05-18 16:35:33 UTC,457,194,230
350,2017-12-29 12:30:30,2017-12-29 13:30:30 UTC,71,34,204
351,2021-01-21 13:07:19,2020-02-13 00:31:33,434,20,739
352,2020-08-02 04:18:40,2015-04-30 19:44:24,8,126,944
353,2017-08-01 06:52:20,2017-08-01 07:52:20 UTC,629,69,286
354,2022-03-07 22:46:57,2017-01-31 19:47:38,892,183,61
355,2018-11-14 19:24:53,2016-04-20 09:09:47,159,28,893
356,2015-09-18 01:21:39,2015-09-18 02:21:39 UTC,296,152,288
357,2015-09-01 04:45:50,2015-09-01 05:45:50 UTC,297,102,870
358,2021-05-15 21:26:39,2021-05-15 22:26:39 UTC,381,35,74
359,2017-10-26 00:33:57,2017-10-26 01:33:57 UTC,756,23,791
360,2017-06-07 13:11:32,2017-06-07 14:11:32 UTC,577,63,363
361,2018-11-13 22:30:49,2018-11-13 23:30:49 UTC,528,245,440
362,2021-07-17 08:00:59,2021-07-17 09:00:59 UTC,186,131,798
363,2017-11-27 19:43:53,2017-09-06 13:01:17,423,112,398
364,2016-07-20 01:11:46,2015-12-11 18:10:50,15,66,253
365,2016-04-25 07:34:44,2016-04-25 08:34:44 UTC,822,176,163
366,2016-12-30 09:27:51,2016-12-30 10:27:51 UTC,775,196,442
367,2016-10-24 10:30:49,2016-09-15 21:50:35,37,24,5
368,2017-06-13 17:36:07,2017-06-13 18:36:07 UTC,342,42,485
369,2020-02-03 19:52:29,2020-02-03 20:52:29 UTC,213,242,250
370,2019-04-11 15:42:46,2019-04-11 16:42:46 UTC,154,297,59
371,2022-04-11 23:08:20,2020-03-12 02:41:02,488,298,677
372,2018-04-16 14:05:35,2016-10-15 07:53:24,257,262,594
373,2018-11-08 11:42:07,2016-04-26 23:12:32,379,241,998
374,2016-05-15 00:56:19,2016-05-15 01:56:19 UTC,843,184,465
375,2019-03-16 08:50:58,2019-03-16 09:50:58 UTC,291,243,107
376,2016-08-12 00:47:26,2016-08-12 01:47:26 UTC,749,124,160
377,2020-06-07 19:11:18,2019-04-27 11:23:45,672,151,552
378,2021-10-27 10:16:11,2021-04-18 11:57:14,472,238,789
379,2015-05-13 21:22:58,2015-05-13 22:22:58 UTC,541,174,955
380,2018-01-03 12:42:57,2018-01-03 13:42:57 UTC,661,150,869
381,2021-11-27 04:18:29,2015-12-24 02:47:53,817,230,922
382,2019-02-08 07:28:11,2018-09-05 08:50:45,193,14,138
383,2017-09-24 07:50:15,2016-09-20 22:44:04,788,91,682
384,2015-11-06 08:34:23,2015-11-06 09:34:23 UTC,842,14,913
385,2019-01-11 14:26:51,2019-01-11 15:26:51 UTC,172,157,705
386,2021-12-06 10:28:08,2019-10-05 19:09:15,800,163,459
387,2017-10-08 21:53:42,2017-10-08 22:53:42 UTC,629,107,729
388,2016-12-31 05:48:54,2016-12-31 06:48:54 UTC,846,105,141
389,2018-06-12 10:50:05,2017-05-17 01:21:41,266,132,343
390,2022-03-03 13:26:39,2015-12-21 17:56:10,648,171,549
391,2021-12-17 03:43:01,2017-04-06 10:38:26,231,209,822
392,2017-02-22 04:37:09,2017-01-22 15:29:20,177,294,826
393,2019-07-26 10:49:13,2019-07-26 11:49:13 UTC,606,87,705
394,2016-06-08 22:31:58,2015-10-27 20:14:19,34,160,563
395,2015-07-20 02:34:33,2015-07-20 03:34:33 UTC,149,129,176
396,2020-05-22 20:00:35,2016-09-07 11:25:54,256,185,95
397,2020-06-03 08:19:04,2019-07-21 06:30:52,821,123,723
398,2015-11-12 12:18:28,2015-11-12 13:18:28 UTC,603,264,771
399,2017-05-31 03:14:18,2017-05-31 04:14:18 UTC,597,120,392
400,2016-07-26 01:40:45,2016-07-26 02:40:45 UTC,523,236,960
401,2017-02-12 20:57:56,2017-02-12 21:57:56 UTC,220,132,737
402,2015-10-03 17:39:33,2015-10-03 18:39:33 UTC,368,272,688
403,2016-02-09 19:04:10,2016-02-09 20:04:10 UTC,855,210,8
404,2017-05-24 03:30:45,2017-05-24 04:30:45 UTC,44,193,764
405,2021-07-06 13:32:34,2015-06-22 11:09:18,853,126,822
406,2016-04-26 17:26:47,2016-04-26 18:26:47 UTC,530,39,446
407,2017-11-26 19:28:30,2017-11-26 20:28:30 UTC,809,181,379
408,2016-06-07 05:51:58,2016-06-07 06:51:58 UTC,275,255,710
409,2017-07-05 21:36:29,2017-07-05 22:36:29 UTC,358,104,929
410,2016-11-29 11:58:50,2016-11-29 12:58:50 UTC,960,6,196
411,2021-12-27 19:06:26,2020-10-19 01:51:52,158,282,99
412,2019-05-30 03:09:53,2019-05-30 04:09:53 UTC,676,107,290
413,2017-03-17 04:48:22,2017-03-17 05:48:22 UTC,837,255,424
414,2019-02-12 17:03:17,2019-02-12 18:03:17 UTC,495,20,344
415,2017-03-18 11:09:09,2017-03-18 12:09:09 UTC,815,21,134
416,2019-01-07 14:18:07,2018-07-01 01:37:32,361,160,792
417,2017-03-03 11:08:34,2017-03-03 12:08:34 UTC,393,90,132
418,2017-05-23 09:39:27,2017-03-21 02:04:33,314,137,909
419,2018-05-27 20:26:07,2015-12-03 04:28:51,64,95,695
420,2020-02-22 12:12:38,2020-02-22 13:12:38 UTC,291,19,408
421,2021-10-10 19:55:40,2020-05-09 12:46:43,559,273,564
422,2020-06-26 10:09:07,2019-05-24 07:40:23,152,291,160
423,2018-02-09 15:53:40,2018-02-05 11:56:50,138,62,3
424,2015-05-18 16:22:31,2015-05-18 17:22:31 UTC,550,129,571
425,2017-07-09 00:38:08,2017-07-09 01:38:08 UTC,90,161,932
426,2021-05-16 03:09:56,2015-06-09 11:10:36,747,9,751
427,2019-06-08 09:46:09,2019-06-08 10:46:09 UTC,865,39,308
428,2015-08-28 16:10:05,2015-08-28 17:10:05 UTC,568,254,311
429,2019-01-01 20:44:46,2019-01-01 21:44:46 UTC,483,78,437
430,2016-07-18 03:14:29,2016-07-18 04:14:29 UTC,115,145,427
431,2019-03-28 20:52:41,2018-07-31 22:51:10,606,266,47
432,2017-07-15 00:37:45,2017-07-15 01:37:45 UTC,648,155,898
433,2017-01-24 14:29:21,2015-08-23 23:50:50,982,283,870
434,2019-04-08 07:13:37,2018-05-14 09:26:15,424,100,877
435,2018-08-27 07:59:01,2018-08-27 08:59:01 UTC,504,203,186
436,2022-01-15 21:35:20,2021-10-08 09:50:13,465,62,622
437,2017-01-20 15:01:54,2017-01-20 16:01:54 UTC,91,6,781
438,2016-07-30 03:33:26,2016-07-30 04:33:26 UTC,354,53,758
439,2022-02-25 00:56:45,2017-12-20 00:18:27,442,135,400
440,2019-04-24 10:23:30,2017-09-23 14:56:06,686,200,120
441,2019-07-26 01:29:10,2019-07-26 02:29:10 UTC,587,114,597
442,2018-08-18 01:44:16,2016-08-31 05:01:57,14,160,20
443,2020-11-22 18:05:18,2016-12-31 10:38:36,416,268,892
444,2018-01-28 01:18:42,2018-01-28 02:18:42 UTC,244,268,35
445,2018-01-23 23:10:18,2018-01-24 00:10:18 UTC,280,262,151
446,2016-11-14 10:58:46,2016-11-14 11:58:46 UTC,674,197,159
447,2020-10-31 07:01:33,2019-05-26 18:58:49,923,94,309
448,2016-04-20 14:25:48,2016-04-20 15:25:48 UTC,831,285,857
449,2021-05-11 00:24:19,2020-09-28 16:26:30,91,23,368
450,2017-03-30 00:13:50,2017-03-30 01:13:50 UTC,538,56,870
451,2017-12-30 01:55:42,2017-12-30 02:55:42 UTC,874,13,107
452,2019-10-10 07:37:05,2019-10-10 08:37:05 UTC,547,153,486
453,2017-06-11 12:58:56,2017-06-11 13:58:56 UTC,760,248,205
454,2021-11-14 05:14:32,2016-11-29 02:19:39,952,5,837
455,2017-04-07 06:22:10,2017-04-07 07:22:10 UTC,115,143,600
456,2018-10-18 22:28:54,2018-10-18 23:28:54 UTC,795,119,619
457,2021-02-06 02:50:44,2015-09-17 08:34:48,390,47,469
458,2019-04-01 02:15:43,2018-02-10 07:07:13,333,31,184
459,2019-09-10 05:40:12,2016-08-25 06:24:20,575,163,665
460,2022-03-14 16:34:59,2021-02-25 16:25:09,697,273,717
461,2016-12-05 18:32:12,2016-12-05 19:32:12 UTC,886,274,736
462,2017-03-13 11:31:29,2017-03-13 12:31:29 UTC,340,75,311
463,2019-12-30 02:07:40,2015-12-23 01:53:32,775,205,748
464,2015-07-15 19:38:57,2015-07-15 20:38:57 UTC,467,161,166
465,2016-04-24 16:33:20,2016-04-24 17:33:20 UTC,230,279,91
466,2020-07-10 13:49:24,2020-04-24 02:02:12,49,186,200
467,2019-09-24 13:42:31,2019-09-24 14:42:31 UTC,426,235,552
468,2019-04-10 21:35:54,2019-04-10 22:35:54 UTC,209,99,430
469,2022-03-01 06:49:58,2017-12-25 09:37:32,314,39,89
470,2019-11-17 10:25:46,2019-11-17 11:25:46 UTC,306,40,746
471,2019-01-23 20:28:04,2016-10-14 01:52:26,199,235,421
472,2018-11-14 10:25:45,2017-11-25 13:02:20,570,53,170
473,2018-03-22 18:29:07,2018-03-22 19:29:07 UTC,53,96,341
474,2020-03-14 06:07:25,2020-03-14 07:07:25 UTC,542,130,372
475,2018-11-24 13:16:24,2018-11-24 14:16:24 UTC,305,136,720
476,2020-01-30 11:44:38,2020-01-30 12:44:38 UTC,277,147,232
477,2016-06-21 19:53:17,2016-06-21 20:53:17 UTC,763,21,440
478,2016-11-04 21:25:22,2016-11-04 22:25:22 UTC,799,140,385
479,2017-05-12 03:49:06,2015-10-25 01:24:57,55,165,326
480,2022-04-22 23:05:51,2017-10-11 08:43:01,417,62,39
481,2016-01-16 14:17:25,2016-01-16 15:17:25 UTC,187,175,496
482,2016-04-07 13:22:42,2016-04-07 14:22:42 UTC,494,225,259
483,2019-05-31 14:16:57,2019-03-05 09:03:38,929,190,23
484,2020-06-18 16:43:58,2020-06-18 17:43:58 UTC,608,126,857
485,2015-07-31 23:47:21,2015-08-01 00:47:21 UTC,100,218,215
486,2016-11-21 14:08:44,2016-11-21 15:08:44 UTC,298,181,979
487,2019-08-18 14:39:07,2016-01-13 06:45:17,939,140,615
488,2015-08-27 04:01:34,2015-08-27 05:01:34 UTC,259,276,857
489,2018-10-13 10:28:46,2018-10-13 11:28:46 UTC,49,289,969
490,2020-05-09 21:57:45,2020-05-09 22:57:45 UTC,137,278,852
491,2021-04-15 03:12:58,2016-11-22 05:22:16,94,39,53
492,2021-10-26 07:05:09,2016-09-15 03:49:36,373,267,444
493,2017-03-29 11:43:42,2017-03-29 12:43:42 UTC,260,232,354
494,2019-11-16 09:15:17,2019-11-16 10:15:17 UTC,818,205,317
495,2019-06-02 21:30:50,2019-06-02 22:30:50 UTC,920,17,857
496,2020-11-14 23:48:37,2020-10-09 05:02:20,163,7,632
497,2016-07-17 13:52:18,2016-07-17 14:52:18 UTC,109,138,614
498,2020-06-14 06:36:48,2017-01-25 15:00:09,122,134,977
499,2015-07-14 23:16:34,2015-06-18 08:54:09,107,178,981
500,2020-10-11 06:05:24,2018-11-22 17:09:11,496,285,515
501,2016-11-28 06:02:04,2016-01-21 14:14:47,19,102,383
502,2022-03-30 09:15:38,2017-09-21 17:19:04,796,71,457
503,2018-11-04 10:14:19,2016-12-29 19:38:40,412,28,34
504,2021-08-14 08:53:10,2018-02-13 17:03:29,105,138,154
505,2021-05-26 22:17:20,2021-05-26 23:17:20 UTC,885,241,347
506,2016-02-26 10:06:50,2016-02-26 11:06:50 UTC,121,275,891
507,2016-08-04 19:42:43,2016-08-04 20:42:43 UTC,187,192,974
508,2021-06-11 22:39:03,2018-09-26 05:36:16,313,198,171
509,2020-02-02 01:09:33,2018-09-14 14:31:43,45,121,208
510,2016-12-12 09:29:26,2016-12-12 10:29:26 UTC,465,201,722
511,2022-01-15 21:02:56,2016-11-20 11:42:47,585,15,178
512,2017-01-24 14:11:11,2016-09-06 11:11:44,953,4,511
513,2020-02-24 22:58:35,2015-12-17 08:33:37,181,82,580
514,2019-01-25 09:06:08,2017-09-03 04:19:38,599,35,350
515,2017-12-09 18:44:06,2017-12-09 19:44:06 UTC,821,153,781
516,2018-04-11 01:46:20,2018-02-27 00:02:05,345,231,18
517,2022-02-07 06:18:25,2019-11-27 02:10:35,725,62,908
518,2018-01-23 23:58:33,2016-02-26 07:45:45,831,140,498
519,2017-09-23 15:53:30,2017-09-23 16:53:30 UTC,299,129,354
520,2016-12-02 08:13:28,2016-12-02 09:13:28 UTC,183,78,535
521,2018-11-26 16:37:15,2016-11-19 22:52:18,19,60,659
522,2021-08-27 08:25:09,2020-01-05 17:01:19,160,108,946
523,2019-03-06 13:07:20,2017-08-06 13:40:23,670,58,816
524,2016-07-23 23:00:50,2016-07-24 00:00:50 UTC,296,259,803
525,2017-06-20 06:58:12,2017-06-20 07:58:12 UTC,849,212,373
526,2021-09-08 09:13:43,2016-07-06 23:16:32,878,286,743
527,2017-10-18 18:11:22,2017-08-21 15:39:50,483,100,409
528,2020-05-04 20:49:32,2015-08-11 12:21:02,281,239,31
529,2015-12-30 22:14:10,2015-12-30 23:14:10 UTC,507,91,436
530,2016-03-22 04:24:35,2016-03-22 05:24:35 UTC,138,252,893
531,2019-09-10 06:48:41,2015-09-10 00:32:18,573,230,463
532,2021-02-12 04:04:50,2021-02-12 05:04:50 UTC,986,194,979
533,2019-04-12 19:40:40,2015-12-27 12:01:33,876,143,58
534,2017-02-01 09:55:55,2017-01-08 10:41:12,251,232,316
535,2017-05-08 13:37:23,2017-05-08 14:37:23 UTC,861,274,52
536,2018-08-17 06:43:00,2016-11-21 20:39:41,288,244,952
537,2016-11-15 21:36:37,2016-11-15 22:36:37 UTC,389,123,3
538,2021-04-21 16:11:25,2018-11-13 23:16:17,246,215,702
539,2021-07-01 10:30:37,2016-01-03 15:01:02,421,81,121
540,2019-04-09 22:53:48,2019-04-09 23:53:48 UTC,93,209,224
541,2020-03-07 01:06:06,2020-03-07 02:06:06 UTC,951,87,992
542,2015-07-19 20:15:29,2015-07-19 21:15:29 UTC,536,161,951
543,2019-11-25 06:33:50,2016-01-25 22:21:59,638,69,570
544,2022-01-09 17:04:07,2021-12-17 07:33:43,971,184,531
545,2019-04-30 23:41:53,2019-05-01 00:41:53 UTC,309,61,384
546,2019-05-27 19:29:59,2019-05-27 20:29:59 UTC,612,49,369
547,2017-05-13 01:22:06,2017-05-13 02:22:06 UTC,262,150,887
548,2017-10-14 04:42:53,2017-10-14 05:42:53 UTC,463,214,829
549,2016-11-18 02:08:48,2016-06-30 19:30:36,38,50,527
550,2017-01-16 01:07:03,2017-01-16 02:07:03 UTC,449,124,637
551,2021-06-21 19:07:23,2019-12-10 18:44:47,516,67,671
552,2018-11-04 04:07:18,2018-07-25 16:53:34,677,69,122
553,2018-12-01 07:24:13,2018-12-01 08:24:13 UTC,271,90,985
554,2016-02-19 05:02:35,2016-02-19 06:02:35 UTC,953,248,88
555,2018-08-18 04:30:09,2018-08-18 05:30:09 UTC,811,248,758
556,2019-11-07 12:17:04,2015-08-29 04:54:48,390,94,137
557,2021-06-07 13:20:36,2017-01-02 03:27:18,36,210,953
558,2016-12-10 08:30:37,2016-12-10 09:30:37 UTC,391,78,654
559,2017-09-14 19:23:06,2017-01-19 20:06:42,900,279,397
560,2015-10-12 20:44:04,2015-06-04 01:53:34,464,240,862
561,2019-12-19 01:34:26,2019-12-19 02:34:26 UTC,355,220,249
562,2015-12-30 10:25:15,2015-12-30 11:25:15 UTC,500,21,855
563,2019-02-25 14:34:42,2019-02-10 06:51:49,222,23,640
564,2020-09-11 21:20:58,2020-09-11 22:20:58 UTC,958,187,343
565,2019-08-08 08:52:13,2017-12-12 04:08:08,606,249,407
566,2016-07-31 06:09:41,2016-07-31 07:09:41 UTC,604,208,966
567,2020-07-26 06:21:15,2015-12-30 16:11:18,471,175,547
568,2015-06-17 21:38:07,2015-06-17 22:38:07 UTC,166,107,584
569,2018-05-15 02:43:52,2018-05-15 03:43:52 UTC,82,165,250
570,2017-08-24 08:47:31,2016-07-14 12:47:25,757,203,146
571,2015-12-16 02:53:57,2015-12-16 03:53:57 UTC,153,291,742
572,2019-02-07 16:28:04,2015-10-06 23:25:41,115,31,827
573,2018-08-21 09:10:00,2016-09-03 00:18:51,692,1,649
574,2020-06-28 02:04:25,2015-07-07 21:54:44,359,5,10
575,2016-12-25 07:46:42,2016-12-25 08:46:42 UTC,673,150,1000
576,2022-01-03 02:39:31,2016-05-04 19:34:06,550,62,989
577,2017-06-14 11:21:31,2017-06-14 12:21:31 UTC,390,10,723
578,2020-03-15 18:37:08,2019-09-14 05:03:06,39,55,791
579,2017-07-15 19:36:56,2017-07-15 20:36:56 UTC,116,62,836
580,2020-02-22 13:54:48,2016-05-14 01:50:39,885,293,2
581,2015-09-23 16:55:42,2015-09-23 17:55:42 UTC,748,139,43
582,2018-04-28 18:34:26,2018-04-28 19:34:26 UTC,937,274,177
583,2021-10-01 02:41:21,2021-02-13 14:36:51,405,289,719
584,2015-10-27 04:34:34,2015-10-27 05:34:34 UTC,676,26,480
585,2017-09-15 04:13:06,2017-06-27 10:17:05,590,297,791
586,2017-01-02 00:28:38,2017-01-02 01:28:38 UTC,283,101,251
587,2021-12-06 17:57:11,2017-06-15 16:39:54,424,262,657
588,2021-08-12 01:16:54,2021-08-12 02:16:54 UTC,521,144,415
589,2022-01-09 21:19:23,2021-04-19 14:21:02,19,178,239
590,2016-07-23 00:31:49,2016-07-23 01:31:49 UTC,965,276,40
591,2021-07-22 09:28:22,2017-01-18 06:57:52,993,2,390
592,2020-05-26 01:01:30,2019-12-16 11:13:33,944,106,371
593,2021-12-16 13:37:15,2016-07-28 09:42:41,656,182,744
594,2016-05-04 08:02:16,2016-05-04 09:02:16 UTC,199,13,710
595,2016-02-19 17:18:36,2016-02-19 18:18:36 UTC,834,45,184
596,2020-11-27 02:35:31,2020-07-21 10:40:36,331,111,779
597,2016-11-19 02:53:26,2016-11-19 03:53:26 UTC,995,121,994
598,2022-02-11 16:02:21,2018-06-30 11:33:09,511,245,615
599,2021-11-09 00:42:20,2021-11-09 01:42:20 UTC,759,108,309
600,2020-11-07 02:49:20,2019-11-07 12:34:53,438,245,61
601,2022-01-31 23:08:16,2020-12-16 10:20:22,315,121,353
602,2017-01-09 13:13:18,2017-01-09 14:13:18 UTC,110,176,707
603,2020-07-27 16:42:50,2020-07-27 17:42:50 UTC,692,249,159
604,2021-01-14 04:48:33,2018-01-12 17:15:09,46,37,228
605,2016-05-10 00:27:18,2015-08-12 00:27:15,949,134,555
606,2016-11-05 10:00:31,2016-11-05 11:00:31 UTC,78,36,543
607,2016-06-26 19:52:47,2016-06-26 20:52:47 UTC,103,53,775
608,2017-01-16 15:29:43,2017-01-16 16:29:43 UTC,156,219,43
609,2018-02-17 14:59:39,2018-02-17 15:59:39 UTC,609,51,1
610,2022-01-09 16:03:28,2020-12-27 11:01:15,343,219,987
611,2015-08-24 12:43:09,2015-08-24 13:43:09 UTC,95,213,594
612,2017-04-20 22:12:10,2016-05-23 18:09:44,63,175,191
613,2022-04-22 14:58:21,2020-11-14 07:51:10,705,151,429
614,2019-09-14 16:50:43,2015-08-10 09:10:27,907,297,329
615,2020-05-04 04:08:21,2018-05-27 09:48:56,166,208,690
616,2018-03-14 11:42:26,2015-06-18 15:25:36,435,94,481
617,2017-09-14 07:54:23,2017-09-14 08:54:23 UTC,948,32,225
618,2016-06-13 06:49:50,2016-06-13 07:49:50 UTC,109,113,626
619,2021-05-26 17:19:03,2021-04-15 01:46:48,50,79,268
620,2015-08-15 14:43:43,2015-08-15 15:43:43 UTC,422,148,12
621,2019-09-26 22:20:05,2017-04-09 11:07:25,401,44,811
622,2017-01-20 12:03:17,2015-06-05 12:41:04,809,129,593
623,2018-04-15 01:41:03,2015-07-29 04:33:45,271,233,505
624,2018-02-13 22:21:09,2018-02-13 23:21:09 UTC,337,120,618
625,2020-11-14 15:18:24,2017-12-16 10:28:52,185,136,554
626,2022-03-25 07:30:59,2020-07-08 08:47:03,494,176,158
627,2021-11-19 14:50:36,2021-11-01 22:20:42,271,158,449
628,2020-04-16 10:44:58,2020-04-16 11:44:58 UTC,212,282,413
629,2019-07-28 13:29:26,2019-07-28 14:29:26 UTC,29,26,632
630,2017-05-12 05:19:46,2016-11-18 22:05:25,311,52,950
631,2017-08-22 17:52:11,2017-08-22 18:52:11 UTC,512,177,852
632,2018-08-09 12:24:34,2015-09-05 19:18:54,640,32,105
633,2015-09-06 15:12:28,2015-09-06 16:12:28 UTC,317,147,66
634,2018-10-05 22:17:19,2015-05-22 00:51:36,758,3,196
635,2016-02-06 17:24:05,2016-02-06 18:24:05 UTC,433,100,381
636,2022-01-22 16:27:44,2021-06-24 22:36:51,260,95,509
637,2021-05-11 10:50:58,2019-12-05 21:11:58,774,223,846
638,2017-08-29 16:39:04,2017-08-29 17:39:04 UTC,9,230,702
639,2018-05-04 16:36:12,2017-12-07 04:38:19,889,1,939
640,2017-01-13 15:56:45,2017-01-13 16:56:45 UTC,451,247,111
641,2018-05-29 17:06:18,2018-02-10 07:11:21,540,30,778
642,2017-01-28 14:56:29,2017-01-28 15:56:29 UTC,852,239,465
643,2019-09-07 11:32:05,2019-09-07 12:32:05 UTC,56,253,338
644,2017-07-24 05:10:27,2015-12-29 17:52:36,588,40,537
645,2020-08-01 17:21:15,2017-08-22 15:17:19,54,134,723
646,2019-12-05 17:07:06,2019-12-05 18:07:06 UTC,705,138,807
647,2019-09-17 07:50:33,2019-09-17 08:50:33 UTC,365,151,466
648,2016-10-29 08:36:16,2015-10-20 09:03:50,36,240,585
649,2016-01-20 09:13:23,2016-01-20 10:13:23 UTC,337,229,306
650,2018-06-28 05:26:50,2018-06-28 06:26:50 UTC,611,66,949
651,2018-03-06 05:52:59,2018-03-06 06:52:59 UTC,767,279,781
652,2016-01-08 02:17:08,2016-01-08 03:17:08 UTC,565,103,56
653,2018-01-07 20:47:46,2018-01-07 21:47:46 UTC,31,285,873
654,2019-09-16 18:45:21,2019-09-16 19:45:21 UTC,943,79,437
655,2019-08-05 06:27:07,2015-11-17 16:57:39,528,241,381
656,2017-03-20 21:48:38,2016-03-04 07:53:35,790,18,91
657,2016-06-24 06:37:35,2016-06-24 07:37:35 UTC,317,46,464
658,2021-10-14 10:52:19,2019-06-21 13:21:45,390,108,560
659,2017-09-05 17:41:21,2017-09-05 18:41:21 UTC,907,101,682
660,2018-07-11 13:13:22,2018-07-11 14:13:22 UTC,323,86,189
661,2018-01-13 14:49:00,2018-01-13 15:49:00 UTC,280,27,23
662,2015-10-21 01:19:19,2015-10-21 02:19:19 UTC,590,271,631
663,2015-09-24 09:26:55,2015-09-24 10:26:55 UTC,253,296,616
664,2019-01-23 10:36:36,2016-10-22 19:19:23,59,252,281
665,2020-11-04 11:52:33,2020-11-04 12:52:33 UTC,318,60,72
666,2019-11-07 12:49:40,2016-02-02 09:55:34,159,90,758
667,2017-05-09 14:40:58,2017-05-09 15:40:58 UTC,811,158,618
668,2018-07-06 07:38:18,2017-02-16 01:04:12,997,201,26
669,2021-11-26 03:35:31,2019-11-06 05:45:34,239,140,898
670,2015-11-17 01:17:10,2015-11-17 02:17:10 UTC,736,291,816
671,2016-01-21 01:34:00,2016-01-21 02:34:00 UTC,27,266,230
672,2017-10-13 02:44:27,2015-05-11 11:47:37,563,83,68
673,2020-01-30 13:17:51,2020-01-30 14:17:51 UTC,662,248,443
674,2015-06-05 08:58:39,2015-06-05 09:58:39 UTC,946,5,723
675,2020-09-07 21:44:47,2019-08-04 23:17:10,350,83,137
676,2017-07-20 04:12:00,2017-07-20 05:12:00 UTC,728,84,225
677,2021-04-26 17:26:52,2018-12-08 11:56:50,603,267,695
678,2020-09-26 13:31:57,2017-08-02 19:06:30,949,223,254
679,2019-12-08 17:30:42,2019-02-07 10:48:10,580,97,776
680,2017-12-23 14:42:38,2017-12-23 15:42:38 UTC,80,190,438
681,2021-11-01 00:37:24,2020-08-12 18:00:07,435,180,494
682,2020-09-20 01:58:09,2016-07-25 16:58:39,812,46,116
683,2020-01-26 05:43:56,2019-06-01 06:29:38,128,238,840
684,2020-04-05 17:12:10,2017-11-13 00:55:00,946,74,756
685,2018-12-02 08:19:06,2018-12-02 09:19:06 UTC,658,39,802
686,2021-12-11 20:41:43,2016-11-15 10:47:07,519,72,404
687,2021-06-04 17:02:05,2019-09-22 02:00:30,518,87,37
688,2015-06-22 08:45:58,2015-06-22 09:45:58 UTC,721,178,490
689,2019-10-16 08:39:29,2019-10-16 09:39:29 UTC,52,194,669
690,2016-10-08 15:28:39,2016-10-08 16:28:39 UTC,829,24,68
691,2021-06-15 00:29:12,2018-03-27 16:34:49,553,162,8
692,2018-08-21 13:16:11,2018-08-21 14:16:11 UTC,748,127,343
693,2019-04-14 13:50:27,2019-04-14 14:50:27 UTC,860,155,615
694,2015-10-19 14:41:57,2015-10-19 15:41:57 UTC,88,233,901
695,2018-02-12 10:21:25,2018-02-12 11:21:25 UTC,233,158,92
696,2020-03-14 10:20:38,2020-01-31 15:54:30,88,24,310
697,2018-02-10 09:51:26,2018-02-10 10:51:26 UTC,415,236,928
698,2020-05-03 18:51:53,2016-03-13 09:26:47,210,184,530
699,2015-10-10 10:35:34,2015-10-10 11:35:34 UTC,613,118,231
700,2021-04-22 12:34:04,2015-12-28 22:40:16,89,134,707
701,2022-03-02 01:10:51,2017-07-10 06:12:48,262,281,863
702,2020-01-15 00:43:17,2019-12-13 02:14:56,188,203,51
703,2017-03-22 01:33:45,2017-03-22 02:33:45 UTC,744,147,742
704,2017-07-03 20:02:19,2017-07-03 21:02:19 UTC,435,207,511
705,2017-03-01 01:56:11,2017-03-01 02:56:11 UTC,613,157,932
706,2021-04-10 11:45:58,2021-04-10 12:45:58 UTC,770,219,617
707,2018-02-16 10:54:25,2018-01-10 20:17:28,397,151,160
708,2015-06-01 05:12:14,2015-06-01 06:12:14 UTC,81,196,626
709,2019-08-31 00:06:26,2016-07-30 11:02:27,21,23,265
710,2022-02-21 03:21:36,2021-08-02 15:16:47,751,217,910
711,2019-03-20 09:17:07,2015-11-03 06:08:54,971,225,410
712,2017-09-12 23:01:43,2017-09-13 00:01:43 UTC,46,272,598
713,2020-02-03 21:05:35,2020-02-03 22:05:35 UTC,278,195,956
714,2019-10-18 22:56:07,2019-10-18 23:56:07 UTC,209,19,642
715,2016-10-15 04:43:10,2016-10-15 05:43:10 UTC,91,300,282
716,2019-01-19 21:51:01,2019-01-19 22:51:01 UTC,411,199,100
717,2019-07-16 08:30:55,2019-07-16 09:30:55 UTC,904,260,206
718,2020-07-11 16:56:13,2019-07-11 22:11:27,741,276,60
719,2017-09-04 20:04:32,2017-08-02 18:16:05,746,45,299
720,2021-11-08 11:36:42,2016-06-22 23:17:11,218,135,520
721,2017-03-19 15:00:12,2017-03-19 16:00:12 UTC,670,279,146
722,2018-01-14 15:38:38,2018-01-14 16:38:38 UTC,830,17,776
723,2021-05-03 12:11:56,2020-06-25 12:41:02,486,173,948
724,2020-10-21 15:08:22,2015-07-23 19:03:33,996,244,295
725,2020-10-10 06:55:45,2020-10-10 07:55:45 UTC,747,299,878
726,2016-02-14 07:20:09,2016-02-14 08:20:09 UTC,843,77,231
727,2017-10-09 06:51:28,2017-10-09 07:51:28 UTC,714,101,702
728,2016-12-01 06:24:46,2016-12-01 07:24:46 UTC,750,272,433
729,2019-03-11 07:47:43,2019-03-11 08:47:43 UTC,365,5,274
730,2015-12-30 01:21:22,2015-06-06 07:59:54,545,251,753
731,2021-05-06 22:58:09,2016-02-16 15:20:12,558,115,129
732,2016-03-24 13:58:22,2016-03-24 14:58:22 UTC,49,174,216
733,2015-10-26 05:02:25,2015-10-26 06:02:25 UTC,610,4,857
734,2015-09-06 18:27:51,2015-09-06 19:27:51 UTC,873,243,364
735,2021-10-09 17:13:16,2017-02-02 18:09:07,157,95,855
736,2021-07-04 12:56:35,2020-02-25 09:07:21,146,153,996
737,2017-10-07 06:57:42,2017-09-29 02:39:47,119,146,968
738,2015-07-30 03:28:40,2015-07-30 04:28:40 UTC,141,274,488
739,2021-10-24 22:45:22,2018-03-03 11:56:08,717,223,809
740,2016-04-06 00:28:23,2016-04-06 01:28:23 UTC,537,149,725
741,2022-01-06 16:43:26,2015-12-23 03:28:44,322,262,905
742,2020-05-29 14:58:48,2020-05-29 15:58:48 UTC,77,121,620
743,2017-06-13 21:13:05,2017-06-13 22:13:05 UTC,629,169,241
744,2019-01-23 02:02:40,2017-05-07 06:59:46,776,252,12
745,2022-03-11 22:31:24,2020-10-12 13:50:55,210,256,737
746,2021-11-28 03:17:56,2020-10-30 15:24:28,764,237,131
747,2019-11-14 10:11:50,2017-03-21 09:28:54,312,74,32
748,2020-11-23 02:42:48,2018-12-23 16:05:17,922,211,221
749,2021-08-21 05:17:12,2018-05-10 19:26:01,523,130,879
750,2022-02-10 10:02:52,2020-03-10 21:15:37,243,69,24
751,2020-08-28 13:21:54,2016-06-17 01:36:00,367,206,556
752,2021-02-22 23:38:31,2018-06-25 11:32:35,600,205,82
753,2017-12-19 10:50:13,2017-12-19 11:50:13 UTC,752,220,486
754,2018-09-09 00:46:37,2018-09-09 01:46:37 UTC,85,87,234
755,2019-07-18 10:39:25,2017-05-30 06:49:49,216,99,110
756,2022-01-07 16:54:18,2021-07-23 08:14:56,951,17,709
757,2018-12-10 11:08:37,2018-12-10 12:08:37 UTC,312,215,429
758,2017-10-12 15:12:36,2017-10-12 16:12:36 UTC,245,289,285
759,2017-05-26 05:07:45,2017-05-26 06:07:45 UTC,693,226,616
760,2021-07-29 19:57:16,2015-07-29 05:57:12,687,142,870
761,2021-04-19 13:51:22,2016-01-28 16:39:20,745,281,885
762,2019-01-23 13:00:50,2017-01-07 16:54:48,286,264,725
763,2021-11-25 08:24:52,2019-12-02 23:33:02,935,128,474
764,2017-02-20 15:59:25,2017-02-20 16:59:25 UTC,421,257,717
765,2017-09-07 09:51:25,2017-03-14 19:14:48,173,131,896
766,2019-01-07 14:02:59,2019-01-07 15:02:59 UTC,668,155,95
767,2017-03-28 10:48:48,2016-10-04 01:54:44,669,7,510
768,2019-07-17 16:59:34,2019-07-17 17:59:34 UTC,21,252,341
769,2016-07-24 18:30:38,2016-07-24 19:30:38 UTC,833,213,90
770,2015-06-10 00:53:12,2015-06-10 01:53:12 UTC,878,46,577
771,2020-01-15 08:28:44,2020-01-15 09:28:44 UTC,340,194,753
772,2019-01-10 03:35:49,2016-06-16 21:23:07,680,29,741
773,2020-07-27 21:16:40,2016-07-14 05:52:42,273,168,388
774,2018-03-14 11:49:22,2018-03-14 12:49:22 UTC,275,19,580
775,2019-02-26 04:06:11,2017-01-01 13:52:13,516,175,342
776,2017-05-01 17:36:09,2017-05-01 18:36:09 UTC,127,3,322
777,2017-08-09 19:45:13,2017-08-09 20:45:13 UTC,432,68,519
778,2020-05-24 10:02:57,2018-08-09 16:06:44,99,252,394
779,2015-06-05 03:47:42,2015-06-05 04:47:42 UTC,171,23,878
780,2021-02-07 23:35:41,2016-05-14 00:04:35,874,135,527
781,2019-03-10 23:19:19,2019-03-11 00:19:19 UTC,878,269,908
782,2020-07-13 15:44:43,2018-09-21 09:35:05,45,110,607
783,2020-12-12 13:07:34,2020-12-12 14:07:34 UTC,630,161,838
784,2018-04-23 21:43:43,2017-05-17 20:48:07,706,181,364
785,2016-11-10 00:13:59,2016-11-10 01:13:59 UTC,860,42,918
786,2017-04-01 05:41:31,2017-04-01 06:41:31 UTC,639,188,350
787,2018-07-10 09:49:39,2016-01-12 07:04:48,9,159,369
788,2017-07-06 12:10:25,2015-07-12 02:49:32,503,69,595
789,2019-09-17 06:39:17,2016-05-05 09:33:28,994,249,77
790,2016-10-13 18:46:30,2016-10-13 19:46:30 UTC,11,159,307
791,2019-07-07 12:17:33,2019-07-07 13:17:33 UTC,1,33,391
792,2020-01-23 16:11:23,2020-01-23 17:11:23 UTC,932,113,617
793,2020-06-20 23:49:02,2020-06-21 00:49:02 UTC,433,12,915
794,2018-07-23 23:43:01,2018-07-24 00:43:01 UTC,412,74,639
795,2015-10-18 11:53:09,2015-10-18 12:53:09 UTC,670,106,770
796,2018-09-18 01:38:34,2015-07-09 22:48:17,551,209,815
797,2020-01-18 01:13:20,2020-01-18 02:13:20 UTC,140,54,729
798,2016-01-29 13:57:24,2016-01-29 14:57:24 UTC,769,186,315
799,2019-10-21 06:19:28,2019-06-05 15:35:44,126,27,187
800,2019-01-29 07:43:15,2015-05-09 04:48:36,306,274,804
801,2022-03-06 02:15:20,2016-09-24 11:45:07,607,160,38
802,2015-10-16 09:00:37,2015-10-16 10:00:37 UTC,416,3,543
803,2018-12-13 14:53:03,2018-11-27 00:17:31,249,282,342
804,2018-11-19 21:10:24,2017-08-05 23:46:18,280,10,435
805,2019-02-21 08:45:53,2019-02-21 09:45:53 UTC,76,287,469
806,2016-05-07 23:56:55,2016-05-08 00:56:55 UTC,654,52,120
807,2016-04-25 11:20:01,2016-04-25 12:20:01 UTC,710,169,621
808,2021-03-31 14:55:29,2017-12-20 10:12:03,361,163,286
809,2020-01-17 19:47:51,2020-01-17 20:47:51 UTC,956,188,449
810,2015-11-25 17:23:00,2015-11-25 18:23:00 UTC,618,282,665
811,2017-06-07 09:20:05,2016-07-22 22:43:42,902,197,523
812,2022-01-03 18:02:34,2018-09-25 13:08:58,291,24,30
813,2020-12-16 04:35:20,2017-03-03 09:41:07,413,59,622
814,2019-08-12 10:33:00,2019-08-12 11:33:00 UTC,701,67,775
815,2017-07-03 20:24:59,2017-07-03 21:24:59 UTC,663,146,163
816,2018-01-10 12:50:51,2018-01-10 13:50:51 UTC,151,238,110
817,2020-12-05 04:50:44,2018-02-14 12:02:29,888,169,700
818,2021-08-13 07:34:45,2015-11-16 05:14:33,798,251,289
819,2019-06-28 06:48:42,2019-06-28 07:48:42 UTC,509,270,777
820,2020-04-16 16:45:33,2016-12-30 09:01:55,792,79,254
821,2022-02-11 19:06:22,2021-04-08 23:04:00,662,243,164
822,2015-09-02 16:39:42,2015-09-02 17:39:42 UTC,7,223,898
823,2017-01-17 00:16:44,2017-01-17 01:16:44 UTC,990,212,658
824,2020-02-16 16:34:01,2020-02-16 17:34:01 UTC,992,80,821
825,2019-06-10 03:11:07,2017-09-29 04:55:07,401,128,613
826,2020-01-02 07:32:28,2020-01-02 08:32:28 UTC,803,16,926
827,2016-03-21 07:48:58,2016-03-21 08:48:58 UTC,708,65,138
828,2020-01-09 06:01:34,2017-06-02 00:23:32,848,27,24
829,2018-08-17 15:06:48,2018-08-17 16:06:48 UTC,890,282,689
830,2016-05-26 16:07:15,2016-05-26 17:07:15 UTC,766,254,833
831,2021-05-10 00:41:38,2019-07-20 12:39:33,923,36,970
832,2016-05-11 21:58:25,2015-07-20 19:07:53,667,16,30
833,2016-01-31 20:15:07,2016-01-31 21:15:07 UTC,904,288,779
834,2016-06-15 07:00:32,2016-06-15 08:00:32 UTC,918,149,781
835,2017-05-25 14:59:47,2017-05-25 15:59:47 UTC,90,282,368
836,2018-09-02 05:37:42,2016-10-10 16:53:04,327,41,513
837,2017-04-10 18:07:51,2017-04-10 19:07:51 UTC,612,108,524
838,2019-02-17 00:45:08,2015-05-18 22:42:31,593,130,402
839,2015-06-29 03:27:37,2015-06-29 04:27:37 UTC,824,151,792
840,2016-01-25 17:51:54,2016-01-25 18:51:54 UTC,706,279,868
841,2015-09-12 23:18:31,2015-09-13 00:18:31 UTC,422,168,7
842,2019-08-13 08:58:22,2015-07-31 14:30:07,33,292,909
843,2016-03-16 03:06:58,2016-02-06 03:36:21,781,244,882
844,2022-04-14 13:27:25,2021-06-08 06:59:46,379,246,91
845,2017-03-29 09:43:55,2015-12-05 04:11:09,227,208,352
846,2021-05-14 22:21:38,2015-09-21 23:22:51,193,96,240
847,2021-12-04 20:30:24,2019-02-27 04:04:06,552,148,449
848,2015-07-30 12:51:40,2015-07-30 13:51:40 UTC,539,202,797
849,2019-03-09 22:45:34,2017-09-28 23:15:00,303,198,76
850,2015-05-16 23:17:04,2015-05-17 00:17:04 UTC,110,122,719
851,2021-02-05 17:52:21,2020-06-02 14:56:37,811,156,68
852,2017-01-15 22:48:21,2017-01-15 23:48:21 UTC,413,26,161
853,2018-09-03 14:51:59,2018-02-11 10:12:24,941,106,810
854,2021-04-12 03:07:06,2019-08-14 00:49:43,225,110,8
855,2018-07-05 02:07:28,2017-08-31 14:21:24,524,272,24
856,2019-05-08 20:28:26,2018-05-09 19:47:22,126,271,501
857,2019-11-21 14:45:46,2016-01-13 23:46:58,409,181,206
858,2021-05-08 01:42:19,2018-03-28 14:48:49,964,157,28
859,2016-05-23 02:30:58,2016-05-23 03:30:58 UTC,301,256,754
860,2017-07-08 09:14:21,2016-05-25 17:18:28,254,242,234
861,2017-08-20 01:24:31,2017-08-20 02:24:31 UTC,594,127,137
862,2019-06-30 22:51:20,2019-06-30 23:51:20 UTC,24,135,816
863,2018-08-10 15:50:44,2018-08-10 16:50:44 UTC,333,31,360
864,2018-11-03 08:57:18,2017-05-21 20:12:45,40,138,624
865,2021-11-11 13:40:10,2017-05-23 18:19:01,646,47,696
866,2022-04-16 12:55:41,2019-01-01 05:39:19,216,163,923
867,2018-03-08 18:51:37,2018-03-08 19:51:37 UTC,63,27,897
868,2016-12-31 06:57:12,2016-12-31 07:57:12 UTC,769,32,601
869,2016-11-11 07:50:37,2016-11-11 08:50:37 UTC,103,59,39
870,2016-03-07 09:48:01,2016-01-01 13:59:03,909,220,510
871,2019-09-03 23:42:15,2018-09-11 00:20:46,644,286,295
872,2022-02-24 23:41:20,2016-07-02 04:31:11,886,149,788
873,2018-09-10 23:43:26,2018-09-11 00:43:26 UTC,200,74,341
874,2018-03-30 23:33:41,2015-06-18 22:45:32,352,246,742
875,2020-05-31 22:08:30,2019-02-18 08:01:38,252,200,156
876,2015-05-02 09:11:14,2015-05-02 10:11:14 UTC,779,206,42
877,2021-03-25 08:30:56,2020-07-05 20:39:04,490,17,142
878,2016-12-01 07:18:04,2016-12-01 08:18:04 UTC,902,139,223
879,2016-12-22 10:10:06,2016-12-22 11:10:06 UTC,545,94,492
880,2021-05-12 21:39:05,2019-02-23 21:15:31,72,152,87
881,2015-10-15 05:55:33,2015-10-15 06:55:33 UTC,565,182,282
882,2016-11-04 01:11:50,2016-11-04 02:11:50 UTC,657,168,288
883,2016-12-18 18:57:03,2016-12-18 19:57:03 UTC,777,36,235
884,2017-09-30 07:44:07,2017-09-30 08:44:07 UTC,888,19,794
885,2017-07-07 03:16:18,2017-07-07 04:16:18 UTC,62,8,24
886,2016-12-29 09:55:22,2016-12-29 10:55:22 UTC,162,92,471
887,2018-04-21 04:13:30,2018-04-21 05:13:30 UTC,19,85,105
888,2018-05-31 05:54:23,2018-05-31 06:54:23 UTC,177,249,681
889,2021-02-06 05:33:26,2021-02-03 11:50:07,270,74,448
890,2017-08-13 18:10:02,2017-03-02 00:36:43,29,186,41
891,2019-08-22 13:51:24,2017-10-02 23:58:08,927,71,20
892,2021-07-23 00:28:58,2017-02-03 12:47:02,282,189,673
893,2016-10-09 09:52:25,2016-04-18 10:04:38,790,78,956
894,2020-05-31 21:42:11,2016-05-21 08:19:05,411,228,103
895,2018-01-05 20:30:43,2016-09-12 20:43:06,160,148,838
896,2019-03-01 04:01:47,2019-03-01 05:01:47 UTC,444,207,563
897,2019-11-16 06:10:17,2019-11-16 07:10:17 UTC,201,256,500
898,2019-05-09 07:27:25,2019-05-09 08:27:25 UTC,800,149,988
899,2020-04-04 19:44:04,2020-02-14 07:17:46,826,242,459
900,2021-11-17 14:28:20,2016-01-11 20:40:14,840,75,561
901,2017-03-01 15:46:40,2017-03-01 16:46:40 UTC,485,40,446
902,2017-03-13 00:47:08,2017-03-13 01:47:08 UTC,688,153,578
903,2019-10-15 22:59:47,2019-10-15 23:59:47 UTC,285,255,533
904,2019-05-20 00:29:55,2019-03-28 01:03:23,114,18,3
905,2019-04-30 17:53:09,2019-04-30 18:53:09 UTC,623,140,983
906,2019-04-06 18:36:06,2019-04-06 19:36:06 UTC,548,191,12
907,2015-08-30 21:07:01,2015-08-30 22:07:01 UTC,782,187,714
908,2018-05-02 03:34:29,2016-06-19 04:32:58,513,214,165
909,2018-02-24 11:34:33,2018-02-24 12:34:33 UTC,657,173,666
910,2017-04-01 14:02:02,2016-06-05 12:26:24,532,5,771
911,2016-10-10 08:28:53,2016-10-10 09:28:53 UTC,892,34,250
912,2018-11-18 19:46:51,2018-11-18 20:46:51 UTC,517,3,134
913,2018-06-16 06:52:08,2017-07-16 10:15:17,417,118,871
914,2018-03-28 22:00:40,2016-08-21 21:05:00,628,279,998
915,2021-01-09 18:01:47,2021-01-09 19:01:47 UTC,681,61,974
916,2020-03-01 22:04:17,2018-05-07 23:14:30,263,265,366
917,2016-09-12 23:11:27,2016-09-13 00:11:27 UTC,826,112,816
918,2016-03-29 15:01:15,2016-03-29 16:01:15 UTC,645,196,92
919,2020-02-16 16:54:44,2016-08-09 02:56:29,84,200,654
920,2020-07-11 05:35:58,2018-08-13 23:02:19,889,145,420
921,2020-10-27 00:27:04,2020-10-27 01:27:04 UTC,782,95,234
922,2016-07-04 13:13:40,2016-07-04 14:13:40 UTC,802,208,591
923,2017-06-16 14:41:53,2017-06-16 15:41:53 UTC,117,108,484
924,2015-08-21 14:13:34,2015-08-21 15:13:34 UTC,163,190,491
925,2021-04-05 21:08:24,2019-12-16 05:01:31,835,277,489
926,2019-04-21 18:08:18,2016-02-15 09:02:14,359,23,121
927,2021-04-20 00:21:36,2016-03-16 01:19:40,184,50,957
928,2019-12-20 10:41:14,2016-09-19 22:20:31,456,183,534
929,2019-08-31 12:23:00,2018-06-20 12:03:13,717,73,312
930,2019-04-24 11:08:33,2019-04-02 03:27:51,780,80,117
931,2017-07-03 23:21:42,2017-07-04 00:21:42 UTC,507,38,969
932,2015-05-14 15:08:24,2015-05-14 16:08:24 UTC,99,197,806
933,2019-07-26 18:55:24,2019-06-29 22:55:02,664,296,566
934,2021-03-11 16:40:27,2016-05-03 14:45:19,173,99,475
935,2016-10-29 20:47:35,2016-10-29 21:47:35 UTC,966,32,297
936,2020-04-25 20:06:31,2020-04-25 21:06:31 UTC,689,171,95
937,2019-04-07 01:27:02,2017-09-27 18:16:46,995,252,704
938,2022-01-15 19:21:38,2018-08-09 00:36:11,991,43,242
939,2020-12-02 08:49:21,2020-10-17 05:56:38,576,233,505
940,2018-03-21 21:01:06,2018-03-21 22:01:06 UTC,852,242,916
941,2016-02-08 01:27:19,2015-12-23 17:30:26,461,193,191
942,2020-10-08 13:59:51,2019-02-11 06:46:14,900,119,648
943,2018-08-12 13:21:15,2015-11-21 23:01:08,935,179,944
944,2018-06-09 07:04:35,2018-06-09 08:04:35 UTC,332,143,502
945,2017-11-28 06:22:22,2017-11-28 07:22:22 UTC,937,214,6
946,2018-07-07 03:20:01,2018-07-07 04:20:01 UTC,325,59,399
947,2015-12-28 16:55:37,2015-12-28 17:55:37 UTC,253,119,469
948,2015-09-26 06:36:50,2015-09-26 07:36:50 UTC,861,283,47
949,2016-06-16 02:54:25,2016-06-16 03:54:25 UTC,7,67,863
950,2021-12-23 22:23:27,2021-08-02 18:22:30,286,259,252
951,2017-08-31 08:29:52,2017-08-31 09:29:52 UTC,393,283,903
952,2015-06-23 20:23:49,2015-06-23 21:23:49 UTC,249,107,315
953,2015-10-06 20:29:02,2015-09-09 23:38:18,496,159,94
954,2017-06-26 22:29:17,2017-06-26 23:29:17 UTC,690,63,451
955,2018-04-03 22:16:55,2017-05-08 12:50:49,796,110,788
956,2016-12-31 19:17:43,2015-07-17 10:53:52,638,64,615
957,2015-05-04 23:28:38,2015-05-05 00:28:38 UTC,937,243,447
958,2018-04-20 00:47:52,2017-04-08 01:01:26,575,53,125
959,2021-05-14 09:54:21,2018-05-13 21:33:50,784,130,62
960,2020-11-03 15:51:22,2017-01-18 13:14:30,624,172,420
961,2018-09-20 21:17:55,2018-08-21 20:38:20,472,252,577
962,2015-12-20 00:16:38,2015-12-20 01:16:38 UTC,782,178,643
963,2018-12-10 16:25:41,2016-07-18 15:51:41,366,34,373
964,2019-03-01 08:50:46,2018-10-01 04:03:53,891,289,70
965,2019-07-24 02:36:33,2017-07-26 01:10:54,521,209,639
966,2022-01-12 10:13:28,2015-11-02 08:16:46,704,212,759
967,2022-04-24 19:48:04,2019-11-20 13:57:01,875,147,461
968,2017-03-24 21:02:31,2017-03-24 22:02:31 UTC,249,43,60
969,2016-10-16 16:21:40,2016-10-16 17:21:40 UTC,556,192,27
970,2018-05-21 13:33:49,2018-05-21 14:33:49 UTC,301,52,895
971,2016-02-23 22:20:24,2015-05-30 05:22:08,211,176,495
972,2015-06-23 09:26:08,2015-06-23 10:26:08 UTC,124,230,729
973,2022-01-25 08:49:07,2019-01-26 02:24:07,13,248,675
974,2019-09-28 21:19:04,2019-02-14 02:41:50,280,199,98
975,2015-08-25 19:03:36,2015-08-25 20:03:36 UTC,364,61,830
976,2020-10-10 17:13:43,2020-05-25 02:57:11,203,49,535
977,2022-01-18 17:26:33,2019-11-11 11:00:16,44,278,605
978,2021-12-14 18:37:13,2018-02-05 10:29:57,998,183,658
979,2018-04-01 02:49:04,2018-04-01 03:49:04 UTC,63,213,807
980,2017-01-26 07:43:53,2016-09-10 20:17:36,666,83,987
981,2019-03-14 16:25:46,2019-03-14 17:25:46 UTC,414,42,224
982,2019-12-16 17:15:36,2019-04-11 20:38:50,607,79,529
983,2021-04-04 00:45:59,2018-03-15 21:47:49,451,21,276
984,2022-02-02 04:06:46,2015-05-18 17:12:07,210,79,879
985,2016-11-08 17:02:00,2016-11-08 18:02:00 UTC,781,94,584
986,2016-12-22 04:24:37,2016-12-22 05:24:37 UTC,22,99,214
987,2019-04-02 16:22:18,2017-05-27 14:12:00,301,279,910
988,2017-08-04 13:04:52,2017-07-15 09:59:14,697,203,455
989,2022-03-06 08:47:07,2016-12-19 16:27:53,575,272,964
990,2020-08-12 12:59:53,2019-03-29 00:10:23,406,95,655
991,2020-01-07 02:33:36,2019-03-20 13:22:29,516,132,763
992,2018-12-09 21:56:52,2017-09-16 01:54:51,965,189,409
993,2019-06-14 18:30:11,2019-06-14 19:30:11 UTC,117,97,544
994,2018-09-02 04:50:48,2018-09-02 05:50:48 UTC,369,173,547
995,2016-12-21 17:23:23,2016-12-21 18:23:23 UTC,8,47,92
996,2016-04-28 16:29:18,2016-04-28 17:29:18 UTC,193,98,203
997,2019-11-16 16:24:14,2016-12-27 23:39:19,870,295,432
998,2016-08-30 05:33:07,2016-08-30 06:33:07 UTC,758,2,196
999,2019-01-23 23:11:30,2015-07-10 04:13:30,37,164,272
1000,2015-06-15 17:52:46,2015-06-15 18:52:46 UTC,306,287,414