id,data_inicio,data_fim,preco,estacionamento_id,preco_tipo
1,2016-12-13 13:36:03,2016-11-28 10:05:23,128.40,27,mensalista
2,2019-01-23 20:23:27,2015-12-02 14:03:31,92.42,93,horista
3,2020-12-19 04:05:00,2019-12-28 20:04:40,195.06,4,horista
4,2020-02-20 16:34:18,2020-02-20 18:34:18 UTC,241.12,76,horista
5,2017-05-18 04:01:10,2017-05-18 06:01:10 UTC,152.51,96,mensalista
6,2015-09-08 07:06:47,2015-09-08 09:06:47 UTC,249.05,34,horista
7,2017-09-12 10:05:26,2016-03-07 16:33:52,268.70,72,horista
8,2020-07-25 19:02:41,2018-05-10 05:51:12,70.04,64,mensalista
9,2016-10-25 11:34:02,2016-10-25 13:34:02 UTC,62.26,6,mensalista
10,2018-11-12 06:30:49,2018-11-12 08:30:49 UTC,292.02,71,horista
11,2019-12-22 13:24:23,2015-08-05 13:03:56,193.21,82,mensalista
12,2020-07-13 00:19:40,2016-08-10 18:45:21,187.31,34,horista
13,2018-08-02 00:02:07,2018-08-02 02:02:07 UTC,172.93,11,mensalista
14,2021-11-09 02:44:38,2021-11-09 04:44:38 UTC,292.94,96,mensalista
15,2017-10-17 06:24:42,2017-10-17 08:24:42 UTC,86.19,11,mensalista
16,2019-02-27 09:54:11,2015-08-13 05:01:23,145.53,22,horista
17,2015-07-08 05:29:28,2015-07-08 07:29:28 UTC,236.90,91,mensalista
18,2019-04-25 16:20:03,2019-04-25 18:20:03 UTC,147.26,24,horista
19,2020-04-21 00:03:56,2019-03-07 04:58:56,139.83,91,mensalista
20,2015-12-17 07:06:15,2015-12-17 09:06:15 UTC,65.49,70,mensalista
21,2022-04-14 11:12:15,2020-10-29 15:01:12,179.60,95,horista
22,2016-03-29 16:05:24,2016-03-29 18:05:24 UTC,44.38,64,mensalista
23,2017-06-11 18:58:30,2017-06-11 20:58:30 UTC,44.96,14,horista
24,2019-05-15 03:07:22,2017-06-04 11:50:45,189.07,9,mensalista
25,2017-06-13 16:17:12,2016-01-21 12:32:03,190.59,90,mensalista
26,2015-06-02 05:39:31,2015-06-02 07:39:31 UTC,95.83,90,horista
27,2016-04-20 14:21:05,2016-04-20 16:21:05 UTC,85.70,56,mensalista
28,2016-12-17 07:39:29,2016-12-17 09:39:29 UTC,177.12,43,horista
29,2015-11-21 05:16:00,2015-11-21 07:16:00 UTC,281.13,43,mensalista
30,2015-11-06 13:12:08,2015-11-06 15:12:08 UTC,150.46,87,horista
31,2016-12-02 19:02:40,2016-12-02 21:02:40 UTC,162.05,35,horista
32,2018-01-24 22:22:04,2016-08-10 18:16:16,136.46,84,horista
33,2015-06-20 16:15:43,2015-06-20 18:15:43 UTC,175.54,40,mensalista
34,2015-06-28 11:30:03,2015-06-28 13:30:03 UTC,151.82,90,mensalista
35,2020-05-18 16:03:39,2020-05-18 18:03:39 UTC,161.29,20,horista
36,2019-09-25 04:27:39,2016-06-02 09:44:13,279.69,11,horista
37,2022-01-22 05:37:07,2019-03-01 22:56:05,113.81,83,mensalista
38,2021-04-08 21:55:19,2020-03-26 03:32:04,55.46,42,mensalista
39,2018-06-16 22:12:27,2018-06-17 00:12:27 UTC,257.57,52,horista
40,2016-01-16 14:39:41,2016-01-16 16:39:41 UTC,179.61,18,horista
41,2020-07-14 22:14:50,2020-07-15 00:14:50 UTC,36.02,74,mensalista
42,2015-12-31 01:55:44,2015-12-31 03:55:44 UTC,83.28,87,horista
43,2021-12-08 16:14:55,2018-06-04 18:33:30,168.81,2,horista
44,2021-02-25 13:31:41,2016-04-07 11:09:20,110.93,85,horista
45,2015-08-22 11:01:27,2015-08-22 13:01:27 UTC,277.82,25,mensalista
46,2022-01-02 01:47:11,2019-08-07 21:22:44,209.62,14,horista
47,2016-11-13 18:53:26,2016-11-13 20:53:26 UTC,205.34,81,mensalista
48,2020-12-03 06:23:27,2019-12-08 15:13:45,144.81,79,horista
49,2020-07-17 14:38:59,2020-07-17 16:38:59 UTC,269.52,68,mensalista
50,2021-07-09 04:56:00,2015-10-01 21:02:45,109.90,4,horista
51,2017-03-04 15:15:53,2017-03-04 17:15:53 UTC,275.41,47,horista
52,2020-05-11 23:41:52,2015-07-17 22:43:14,218.80,9,mensalista
53,2018-04-01 17:36:56,2018-04-01 19:36:56 UTC,210.55,72,horista
54,2020-09-10 09:35:11,2017-06-27 21:11:12,121.56,93,horista
55,2017-01-10 02:31:11,2017-01-10 04:31:11 UTC,234.73,25,mensalista
56,2016-04-14 09:28:24,2016-04-14 11:28:24 UTC,175.41,95,mensalista
57,2016-02-28 20:32:20,2016-02-28 22:32:20 UTC,236.55,84,mensalista
58,2019-10-27 20:32:39,2019-10-27 22:32:39 UTC,110.51,53,mensalista
59,2021-12-31 21:47:31,2015-07-05 06:28:30,262.84,60,mensalista
60,2019-11-04 00:48:52,2019-01-28 13:37:40,251.93,13,mensalista
61,2018-10-31 20:35:03,2018-10-31 22:35:03 UTC,31.92,3,mensalista
62,2021-02-04 06:18:04,2019-02-22 01:54:37,154.90,33,mensalista
63,2021-03-11 06:23:26,2015-06-28 07:07:36,178.51,1,horista
64,2019-04-01 20:20:20,2019-04-01 22:20:20 UTC,123.67,27,mensalista
65,2021-11-13 18:21:48,2016-06-07 07:56:22,120.86,40,mensalista
66,2021-01-28 13:45:16,2019-03-09 13:13:31,43.18,66,mensalista
67,2021-05-01 05:10:07,2020-08-20 20:34:16,232.25,65,mensalista
68,2017-11-22 09:07:35,2017-11-22 11:07:35 UTC,85.84,78,horista
69,2021-12-03 11:27:43,2018-08-24 01:34:36,260.91,67,horista
70,2019-08-25 11:39:34,2018-04-16 21:16:22,107.11,93,horista
71,2018-05-23 22:41:48,2017-02-20 16:29:33,147.14,34,horista
72,2015-05-24 09:23:38,2015-05-24 11:23:38 UTC,159.76,42,mensalista
73,2015-11-23 03:00:52,2015-11-23 05:00:52 UTC,134.28,99,mensalista
74,2020-08-26 20:11:01,2016-09-01 04:11:54,66.15,90,horista
75,2017-08-28 18:15:41,2017-08-28 20:15:41 UTC,217.99,78,mensalista
76,2021-05-27 00:00:14,2017-12-06 22:46:18,132.63,54,horista
77,2016-06-25 22:09:35,2016-05-28 01:52:18,62.13,75,horista
78,2017-10-20 09:09:55,2017-10-20 11:09:55 UTC,42.96,60,mensalista
79,2019-05-25 03:23:19,2019-05-25 05:23:19 UTC,64.84,78,mensalista
80,2021-02-03 14:17:00,2021-02-03 16:17:00 UTC,47.86,88,mensalista
81,2016-03-30 08:11:15,2016-03-30 10:11:15 UTC,180.37,88,mensalista
82,2020-06-18 18:24:28,2020-06-18 20:24:28 UTC,41.98,36,mensalista
83,2017-06-24 09:02:54,2017-06-24 11:02:54 UTC,187.88,45,horista
84,2019-11-12 12:25:35,2016-10-11 20:20:56,228.04,93,mensalista
85,2015-05-25 14:49:20,2015-05-25 16:49:20 UTC,65.19,24,horista
86,2018-03-17 12:36:28,2018-01-27 02:48:56,106.72,90,mensalista
87,2018-02-28 00:32:52,2017-02-16 23:38:39,44.72,2,horista
88,2021-05-03 17:42:33,2021-02-24 04:54:07,47.30,11,mensalista
89,2020-05-17 19:04:01,2016-10-19 02:39:58,285.45,96,horista
90,2019-08-06 01:59:21,2019-08-06 03:59:21 UTC,49.11,78,horista
91,2016-03-25 00:46:08,2016-03-25 02:46:08 UTC,130.47,78,mensalista
92,2017-05-08 09:24:52,2015-11-30 00:05:17,46.31,11,mensalista
93,2018-12-17 11:01:12,2018-09-17 03:53:46,180.96,67,mensalista
94,2021-04-15 03:29:02,2018-03-26 11:24:47,69.93,47,horista
95,2019-08-13 01:18:46,2019-08-13 03:18:46 UTC,169.47,16,mensalista
96,2016-12-06 11:26:28,2016-12-06 13:26:28 UTC,188.32,27,horista
97,2021-01-22 13:38:24,2018-07-08 08:32:53,144.84,63,horista
98,2022-02-04 00:12:19,2020-10-18 19:31:57,90.46,73,horista
99,2017-05-06 15:55:30,2017-05-06 17:55:30 UTC,199.47,70,mensalista
100,2018-08-25 18:27:32,2016-01-09 10:40:52,279.69,24,mensalista
101,2021-04-04 19:46:46,2015-08-14 00:05:04,110.24,34,mensalista
102,2021-08-21 02:00:03,2018-07-10 08:22:45,145.46,74,horista
103,2020-09-05 06:04:49,2020-02-10 21:32:21,132.61,63,mensalista
104,2019-09-02 22:33:59,2017-07-29 16:03:09,234.82,56,horista
105,2015-12-13 18:11:22,2015-10-05 04:19:54,32.22,75,mensalista
106,2020-04-04 11:13:28,2020-04-04 13:13:28 UTC,150.98,80,mensalista
107,2021-02-22 11:18:44,2017-10-27 15:35:08,283.81,11,mensalista
108,2016-09-30 22:42:54,2016-10-01 00:42:54 UTC,153.15,59,horista
109,2020-11-22 12:08:40,2019-06-15 23:26:48,299.17,13,mensalista
110,2021-10-21 11:42:14,2021-10-21 13:42:14 UTC,186.65,65,mensalista
111,2017-05-26 11:23:52,2017-05-26 13:23:52 UTC,60.96,94,horista
112,2020-07-05 02:24:26,2017-09-17 20:31:51,105.03,75,horista
113,2016-10-25 03:37:30,2016-05-04 18:09:42,262.58,24,horista
114,2015-09-22 21:40:31,2015-09-22 23:40:31 UTC,210.37,96,horista
115,2016-05-02 19:57:12,2016-05-02 21:57:12 UTC,84.69,97,horista
116,2016-06-12 11:41:17,2016-05-09 20:06:19,249.47,99,mensalista
117,2021-04-28 01:39:51,2020-06-17 01:46:56,298.21,31,horista
118,2022-03-20 06:38:12,2022-03-20 08:38:12 UTC,140.85,36,mensalista
119,2018-01-03 04:44:53,2018-01-03 06:44:53 UTC,94.73,89,mensalista
120,2016-06-28 14:16:26,2016-06-28 16:16:26 UTC,146.93,11,mensalista
121,2021-12-10 15:54:29,2016-03-30 20:22:09,291.42,85,horista
122,2020-08-15 18:35:07,2020-08-15 20:35:07 UTC,45.18,24,mensalista
123,2015-10-09 12:42:11,2015-10-09 14:42:11 UTC,258.06,38,horista
124,2022-03-02 02:55:45,2021-07-15 03:30:11,268.71,48,horista
125,2017-10-31 03:41:16,2017-10-31 05:41:16 UTC,66.61,39,horista
126,2015-11-25 07:27:36,2015-11-25 09:27:36 UTC,270.07,87,horista
127,2017-05-02 04:29:49,2017-05-02 06:29:49 UTC,55.82,87,mensalista
128,2021-07-16 17:16:36,2017-02-22 21:15:05,65.75,71,mensalista
129,2021-01-16 01:04:28,2019-03-13 16:45:57,116.06,30,mensalista
130,2020-04-17 22:03:36,2018-11-21 15:01:50,195.70,23,mensalista
131,2015-12-01 14:27:30,2015-12-01 16:27:30 UTC,281.02,20,mensalista
132,2021-11-18 01:05:52,2015-12-30 07:24:38,152.93,70,horista
133,2016-11-02 01:17:56,2016-11-02 03:17:56 UTC,266.29,42,mensalista
134,2021-08-23 07:52:05,2017-02-12 08:48:48,145.82,3,horista
135,2015-05-16 19:21:39,2015-05-16 21:21:39 UTC,262.35,1,mensalista
136,2019-06-22 09:11:41,2016-03-30 07:00:58,122.64,92,mensalista
137,2020-11-24 18:51:11,2020-08-03 09:55:09,88.46,88,horista
138,2016-08-12 23:46:07,2016-08-13 01:46:07 UTC,100.04,98,mensalista
139,2020-09-13 10:17:10,2019-07-10 05:11:02,262.43,55,horista
140,2020-12-25 16:12:16,2015-10-26 16:43:26,213.10,28,mensalista
141,2015-08-19 06:09:05,2015-08-19 08:09:05 UTC,32.62,55,horista
142,2020-03-09 00:59:34,2018-11-13 23:34:39,47.69,35,mensalista
143,2015-09-25 19:20:14,2015-09-25 21:20:14 UTC,154.09,68,mensalista
144,2019-12-17 06:03:06,2017-12-18 07:25:59,259.01,61,mensalista
145,2017-01-24 10:12:55,2017-01-24 12:12:55 UTC,156.61,63,horista
146,2019-11-07 01:14:45,2019-11-07 03:14:45 UTC,210.01,91,mensalista
147,2015-05-04 12:36:12,2015-05-04 14:36:12 UTC,146.03,25,mensalista
148,2021-03-31 03:07:15,2020-02-04 16:48:08,105.77,14,horista
149,2019-05-04 21:27:59,2017-07-24 14:07:48,145.34,38,mensalista
150,2015-06-11 00:21:41,2015-06-11 02:21:41 UTC,291.86,20,horista
151,2022-04-09 20:08:03,2018-05-09 09:49:16,99.69,36,horista
152,2021-06-24 01:58:12,2021-04-08 13:51:34,153.49,30,horista
153,2015-07-20 09:30:13,2015-07-20 11:30:13 UTC,219.27,6,mensalista
154,2021-11-06 13:28:20,2021-03-04 02:08:55,111.06,44,horista
155,2020-02-09 13:33:51,2020-02-09 15:33:51 UTC,247.32,97,mensalista
156,2020-01-27 02:29:18,2017-04-16 07:47:14,162.58,34,horista
157,2020-04-27 14:20:54,2016-03-13 05:24:33,212.44,70,horista
158,2018-06-03 20:29:14,2016-03-06 09:33:08,161.37,59,mensalista
159,2021-07-18 06:24:04,2021-07-18 08:24:04 UTC,55.79,7,horista
160,2015-09-08 09:01:59,2015-09-08 11:01:59 UTC,285.32,19,horista
161,2019-04-11 19:20:26,2016-09-27 11:58:19,98.12,9,horista
162,2016-10-12 09:44:42,2016-10-12 11:44:42 UTC,44.53,61,mensalista
163,2020-11-04 22:54:44,2015-10-11 18:22:58,212.74,23,horista
164,2018-02-05 06:22:57,2018-02-05 08:22:57 UTC,215.30,88,horista
165,2017-02-01 02:26:37,2016-11-24 00:06:55,240.82,3,horista
166,2020-06-13 07:49:52,2017-11-09 20:14:51,122.14,47,horista
167,2017-03-09 20:12:55,2017-03-09 22:12:55 UTC,145.10,6,mensalista
168,2018-07-13 01:31:06,2016-04-07 10:50:01,222.78,2,horista
169,2020-12-17 11:36:53,2015-12-14 04:50:04,185.35,62,mensalista
170,2020-01-12 03:47:26,2019-09-12 19:25:41,256.47,4,horista
171,2015-10-07 17:28:02,2015-10-07 19:28:02 UTC,97.17,1,mensalista
172,2021-03-09 19:19:31,2018-07-23 12:54:36,50.00,25,mensalista
173,2021-06-25 05:32:56,2018-06-16 09:21:29,92.17,76,mensalista
174,2018-12-09 00:44:39,2018-12-09 02:44:39 UTC,235.89,35,mensalista
175,2017-04-05 22:37:00,2015-12-09 04:52:45,194.69,5,mensalista
176,2018-11-18 13:36:42,2015-10-11 06:49:39,66.06,40,horista
177,2017-06-23 23:32:49,2016-03-21 17:36:49,221.26,49,mensalista
178,2015-11-27 21:32:48,2015-11-27 23:32:48 UTC,281.80,72,mensalista
179,2016-10-10 08:36:07,2016-10-10 10:36:07 UTC,77.52,30,horista
180,2015-09-20 06:34:10,2015-06-26 08:25:33,120.70,72,mensalista
181,2019-09-04 10:07:34,2019-09-04 12:07:34 UTC,282.45,73,horista
182,2021-02-28 05:31:55,2015-05-09 18:06:21,36.55,22,horista
183,2018-04-09 17:06:50,2018-04-09 19:06:50 UTC,146.65,6,horista
184,2018-06-22 08:10:51,2018-06-22 10:10:51 UTC,89.01,27,mensalista
185,2020-09-02 21:06:16,2020-04-04 21:02:58,70.48,30,mensalista
186,2016-10-13 20:10:56,2016-10-13 22:10:56 UTC,48.37,84,horista
187,2021-01-20 09:29:43,2019-01-18 17:18:37,206.11,48,mensalista
188,2018-07-28 18:14:40,2016-06-23 22:24:12,118.57,79,mensalista
189,2021-01-04 01:02:50,2016-04-23 16:56:26,159.88,33,horista
190,2018-07-18 00:25:00,2018-07-18 02:25:00 UTC,218.34,90,mensalista
191,2019-05-14 18:52:32,2015-07-28 05:41:41,39.35,39,horista
192,2020-01-12 06:22:38,2020-01-12 08:22:38 UTC,145.15,34,mensalista
193,2020-01-10 11:42:36,2018-07-10 11:10:38,112.79,80,horista
194,2015-06-27 05:03:38,2015-06-27 07:03:38 UTC,106.88,1,mensalista
195,2017-02-20 07:54:14,2017-02-20 09:54:14 UTC,31.71,51,horista
196,2015-09-17 02:00:52,2015-09-17 04:00:52 UTC,178.84,4,mensalista
197,2017-12-22 02:14:10,2017-12-22 04:14:10 UTC,62.96,9,mensalista
198,2018-02-24 12:25:35,2018-02-24 14:25:35 UTC,259.50,93,mensalista
199,2019-11-14 07:58:25,2016-03-25 07:59:08,95.70,26,mensalista
200,2018-05-08 01:49:50,2016-04-30 23:57:10,34.32,93,mensalista
201,2021-08-09 00:59:03,2021-08-09 02:59:03 UTC,160.92,7,mensalista
202,2021-02-10 20:37:24,2019-10-23 03:24:19,291.86,48,mensalista
203,2019-04-03 02:11:47,2017-03-16 09:16:05,56.35,84,mensalista
204,2016-06-05 13:23:40,2016-06-05 15:23:40 UTC,95.14,87,mensalista
205,2016-09-05 22:39:01,2016-09-06 00:39:01 UTC,46.54,22,horista
206,2017-05-19 12:28:46,2017-05-19 14:28:46 UTC,229.68,68,horista
207,2021-01-14 14:06:19,2021-01-14 16:06:19 UTC,199.26,91,mensalista
208,2017-04-24 11:14:57,2017-04-24 13:14:57 UTC,112.85,63,mensalista
209,2019-11-21 11:24:07,2019-11-21 13:24:07 UTC,178.52,40,horista
210,2018-06-20 12:16:37,2018-06-20 14:16:37 UTC,164.12,48,mensalista
211,2021-05-31 18:57:38,2018-07-15 13:31:34,202.69,95,horista
212,2016-10-11 01:32:22,2016-10-11 03:32:22 UTC,30.10,56,horista
213,2021-07-21 11:20:17,2021-06-19 09:50:07,191.57,68,mensalista
214,2016-03-26 21:45:33,2016-03-26 23:45:33 UTC,247.49,13,mensalista
215,2018-06-19 19:33:41,2015-05-03 14:15:46,130.18,11,horista
216,2017-05-05 16:04:34,2017-05-05 18:04:34 UTC,141.16,3,mensalista
217,2016-03-07 12:14:28,2016-03-07 14:14:28 UTC,64.03,79,mensalista
218,2018-11-06 23:42:46,2017-09-12 03:23:40,84.11,16,horista
219,2018-04-09 21:13:17,2015-12-16 08:32:17,70.12,31,mensalista
220,2015-06-11 14:39:25,2015-06-11 16:39:25 UTC,249.57,70,horista
221,2016-06-11 09:06:23,2016-06-11 11:06:23 UTC,95.82,37,horista
222,2016-09-07 06:03:51,2016-09-07 08:03:51 UTC,152.90,49,mensalista
223,2021-05-23 08:57:15,2017-02-09 06:14:32,198.56,28,horista
224,2022-03-20 15:08:42,2019-02-10 11:10:45,231.54,40,horista
225,2016-02-07 16:52:22,2016-02-07 18:52:22 UTC,144.58,12,horista
226,2019-03-09 12:55:05,2018-10-08 23:41:37,247.39,4,horista
227,2019-08-24 04:01:52,2019-08-24 06:01:52 UTC,163.61,95,mensalista
228,2017-01-01 07:30:30,2015-08-28 00:40:21,205.88,90,mensalista
229,2016-04-05 03:05:08,2016-04-05 05:05:08 UTC,170.06,20,horista
230,2016-01-12 13:38:15,2016-01-12 15:38:15 UTC,55.50,88,mensalista
231,2022-01-25 18:34:17,2020-02-17 12:22:58,137.96,4,mensalista
232,2016-07-05 15:29:22,2016-03-02 17:36:17,176.30,46,horista
233,2020-10-23 19:37:06,2020-10-23 21:37:06 UTC,290.55,77,horista
234,2019-12-23 16:12:30,2017-05-12 16:45:26,86.61,48,horista
235,2021-02-25 09:48:04,2016-04-25 17:03:12,165.85,30,mensalista
236,2021-12-07 13:59:51,2020-12-01 01:27:20,124.68,57,horista
237,2018-04-24 16:19:48,2015-07-18 08:12:26,119.16,67,mensalista
238,2015-08-05 02:43:23,2015-08-05 04:43:23 UTC,274.01,96,mensalista
239,2021-07-31 02:41:54,2016-10-29 06:11:01,247.92,20,horista
240,2017-05-14 17:11:07,2017-05-14 19:11:07 UTC,111.53,27,mensalista
241,2018-08-02 22:37:05,2015-11-27 11:07:15,74.94,23,horista
242,2018-11-18 23:25:41,2018-11-19 01:25:41 UTC,81.58,37,horista
243,2020-03-20 04:08:27,2020-03-20 06:08:27 UTC,261.32,25,mensalista
244,2018-07-31 22:55:02,2018-08-01 00:55:02 UTC,160.67,66,horista
245,2018-06-22 05:49:24,2018-06-22 07:49:24 UTC,39.40,17,mensalista
246,2018-11-17 02:37:43,2017-05-09 21:09:27,182.55,73,horista
247,2021-10-07 18:18:11,2021-10-07 20:18:11 UTC,57.81,60,mensalista
248,2021-09-14 14:11:38,2019-06-06 00:52:55,270.57,8,mensalista
249,2021-01-22 06:02:56,2020-02-04 02:22:40,130.07,35,horista
250,2020-05-17 20:36:06,2016-01-30 13:45:15,226.17,33,mensalista
251,2018-08-28 00:20:27,2018-08-28 02:20:27 UTC,166.06,30,horista
252,2020-11-22 03:08:15,2016-08-26 17:58:48,201.60,89,horista
253,2016-12-16 23:38:59,2016-12-17 01:38:59 UTC,254.26,20,mensalista
254,2017-01-31 06:22:43,2015-08-28 10:16:23,76.45,36,horista
255,2021-04-12 02:58:08,2015-05-23 15:40:07,117.55,28,horista
256,2020-03-21 03:42:25,2017-11-13 12:26:12,116.88,28,mensalista
257,2020-07-04 23:04:51,2017-02-04 21:29:50,292.66,16,mensalista
258,2019-12-20 21:05:47,2018-03-21 00:28:37,102.50,31,mensalista
259,2018-07-08 02:48:38,2017-07-16 15:11:02,36.53,27,mensalista
260,2018-07-27 20:16:55,2015-10-10 05:07:15,152.01,64,mensalista
261,2022-04-02 07:34:50,2021-10-22 16:51:18,208.46,58,horista
262,2017-04-12 14:47:34,2017-04-12 16:47:34 UTC,155.03,37,horista
263,2016-05-10 01:26:08,2016-05-10 03:26:08 UTC,131.29,7,horista
264,2015-07-01 03:03:00,2015-07-01 05:03:00 UTC,69.09,92,mensalista
265,2022-03-03 12:19:56,2020-05-31 05:27:21,116.97,53,mensalista
266,2018-05-23 23:45:26,2018-05-24 01:45:26 UTC,256.16,13,horista
267,2021-10-26 01:04:31,2017-12-21 12:24:00,104.01,40,horista
268,2019-02-17 08:34:11,2019-02-17 10:34:11 UTC,229.64,78,horista
269,2018-10-07 23:27:38,2015-08-17 18:29:40,106.70,19,mensalista
270,2021-05-10 10:04:01,2015-10-30 18:59:47,151.20,96,horista
271,2021-10-16 03:01:37,2016-03-02 22:43:23,102.37,85,horista
272,2017-10-29 06:34:39,2017-10-29 08:34:39 UTC,195.78,21,horista
273,2021-02-22 06:48:13,2019-09-28 19:41:06,209.09,84,horista
274,2020-06-10 00:20:56,2016-03-06 18:19:53,204.40,78,horista
275,2018-09-05 18:06:05,2018-09-05 20:06:05 UTC,168.54,19,mensalista
276,2021-03-03 16:49:48,2018-04-25 09:39:41,236.91,69,mensalista
277,2021-08-13 23:41:20,2021-08-14 01:41:20 UTC,262.65,58,mensalista
278,2022-01-08 03:00:53,2017-04-22 15:38:12,272.55,95,mensalista
279,2020-06-21 16:30:25,2017-04-03 03:18:25,118.62,88,horista
280,2021-05-07 02:05:25,2018-06-05 04:22:59,221.28,85,mensalista
281,2021-02-08 05:02:53,2016-12-10 18:21:58,123.58,57,horista
282,2017-07-07 11:18:35,2017-07-07 13:18:35 UTC,207.17,55,horista
283,2020-12-31 21:28:32,2020-12-31 23:28:32 UTC,257.58,87,horista
284,2018-09-09 19:12:06,2018-09-09 21:12:06 UTC,199.00,87,mensalista
285,2017-07-30 00:44:41,2017-07-30 02:44:41 UTC,92.73,10,mensalista
286,2019-06-02 23:32:03,2019-06-03 01:32:03 UTC,241.67,88,horista
287,2018-05-22 22:45:08,2017-06-19 04:24:43,62.47,20,mensalista
288,2022-01-11 14:11:16,2018-10-14 04:01:17,119.15,70,mensalista
289,2016-10-07 02:22:24,2016-10-07 04:22:24 UTC,266.47,2,horista
290,2021-05-30 05:44:17,2018-09-24 15:55:43,152.98,11,horista
291,2018-04-30 20:25:19,2018-04-30 22:25:19 UTC,298.88,52,mensalista
292,2019-08-10 19:49:50,2016-09-19 15:21:37,85.42,1,horista
293,2017-04-12 01:52:22,2017-04-12 03:52:22 UTC,160.96,12,horista
294,2018-06-18 16:05:15,2018-06-18 18:05:15 UTC,58.58,52,mensalista
295,2016-04-26 03:20:34,2016-04-26 05:20:34 UTC,126.91,14,horista
296,2015-07-06 21:39:44,2015-07-06 23:39:44 UTC,157.78,41,mensalista
297,2020-11-29 22:33:42,2020-11-30 00:33:42 UTC,233.72,14,mensalista
298,2019-01-17 17:32:45,2018-04-23 23:20:18,193.07,44,horista
299,2019-09-30 18:06:16,2016-07-31 10:04:52,298.46,33,horista
300,2021-04-19 01:28:33,2021-03-26 03:31:20,248.95,89,mensalista
301,2018-10-08 01:30:51,2018-10-08 03:30:51 UTC,131.96,38,mensalista
302,2021-06-05 05:26:14,2018-06-03 14:56:09,294.96,28,horista
303,2019-12-11 01:38:04,2019-12-11 03:38:04 UTC,107.61,35,mensalista
304,2017-10-16 16:30:07,2017-08-29 16:22:19,169.98,55,mensalista
305,2018-08-17 19:50:05,2018-08-17 21:50:05 UTC,52.75,40,mensalista
306,2015-10-12 10:34:36,2015-10-12 12:34:36 UTC,227.39,13,mensalista
307,2020-10-09 23:56:54,2020-05-31 18:32:13,106.21,46,mensalista
308,2016-04-24 08:40:03,2016-04-24 10:40:03 UTC,103.06,89,horista
309,2016-02-19 18:21:24,2016-02-19 20:21:24 UTC,138.13,40,mensalista
310,2019-04-02 00:36:18,2019-04-02 02:36:18 UTC,297.86,43,mensalista
311,2017-11-22 21:33:35,2016-09-10 22:57:16,163.23,87,horista
312,2019-06-25 06:00:04,2017-07-16 00:11:08,60.92,50,horista
313,2020-06-05 18:24:15,2016-09-24 16:40:50,295.62,8,mensalista
314,2018-10-19 11:10:46,2015-06-01 05:50:29,33.59,15,mensalista
315,2022-02-20 15:20:06,2021-03-06 08:12:47,251.41,20,horista
316,2021-12-24 02:05:30,2017-11-07 04:16:25,193.12,36,mensalista
317,2021-06-09 17:37:07,2017-05-20 01:38:06,207.20,51,mensalista
318,2019-11-07 12:57:50,2019-11-07 14:57:50 UTC,57.18,51,horista
319,2021-05-12 17:07:10,2017-03-16 16:37:38,222.30,14,horista
320,2016-12-26 13:44:51,2016-12-26 15:44:51 UTC,232.45,43,horista
321,2021-01-15 19:37:11,2020-11-01 16:54:57,201.64,44,mensalista
322,2017-11-26 18:32:17,2017-11-26 20:32:17 UTC,87.54,45,mensalista
323,2020-12-03 13:48:58,2020-12-03 15:48:58 UTC,155.28,86,horista
324,2019-12-24 14:11:06,2019-12-24 16:11:06 UTC,31.42,13,horista
325,2019-04-27 20:14:32,2016-04-17 02:24:36,52.41,100,horista
326,2020-03-19 00:30:38,2020-03-19 02:30:38 UTC,179.09,36,mensalista
327,2018-09-11 11:40:26,2017-09-25 07:26:11,289.60,81,horista
328,2017-05-01 09:08:10,2015-06-14 09:25:45,286.27,45,horista
329,2019-09-15 11:43:28,2016-11-20 00:10:32,78.98,11,horista
330,2017-09-28 11:30:08,2017-09-28 13:30:08 UTC,46.75,11,horista
331,2021-07-23 20:45:58,2015-11-27 08:30:28,289.93,47,mensalista
332,2020-05-03 15:59:29,2020-05-03 17:59:29 UTC,266.81,47,mensalista
333,2017-06-26 02:48:09,2017-06-26 04:48:09 UTC,150.86,84,mensalista
334,2021-03-27 07:19:35,2021-03-27 09:19:35 UTC,73.91,87,horista
335,2016-01-23 09:11:32,2016-01-23 11:11:32 UTC,204.36,21,horista
336,2018-01-28 06:24:29,2018-01-28 08:24:29 UTC,203.70,42,mensalista
337,2021-06-21 12:14:12,2021-06-21 14:14:12 UTC,220.15,55,horista
338,2018-07-07 15:43:33,2018-07-07 17:43:33 UTC,246.79,59,horista
339,2018-06-10 11:17:03,2018-06-10 13:17:03 UTC,46.36,55,horista
340,2020-01-31 16:32:05,2019-08-18 14:19:40,232.30,36,mensalista
341,2016-02-23 01:47:50,2016-02-23 03:47:50 UTC,249.47,26,mensalista
342,2017-06-11 04:12:07,2017-06-11 06:12:07 UTC,153.88,86,horista
343,2017-02-05 16:12:39,2017-02-05 18:12:39 UTC,161.07,85,mensalista
344,2019-01-06 17:09:00,2017-04-09 01:37:18,122.92,69,horista
345,2022-04-04 05:12:03,2020-05-09 19:37:38,270.06,55,mensalista
346,2022-04-07 00:15:18,2017-09-25 18:10:02,262.62,81,horista
347,2018-01-04 07:16:27,2018-01-04 09:16:27 UTC,122.87,34,horista
348,2017-01-06 00:31:21,2017-01-06 02:31:21 UTC,59.26,68,horista
349,2020-01-27 12:51:38,2020-01-27 14:51:38 UTC,67.38,24,horista
350,2015-09-12 14:32:08,2015-09-12 16:32:08 UTC,169.32,93,mensalista
351,2016-08-05 05:51:25,2016-08-05 07:51:25 UTC,143.29,99,horista
352,2015-09-26 15:51:25,2015-09-26 17:51:25 UTC,228.50,81,horista
353,2017-04-29 03:00:28,2015-06-27 03:46:09,254.71,41,horista
354,2018-03-28 02:52:02,2018-02-15 11:34:17,284.19,85,horista
355,2020-09-28 05:09:47,2019-11-22 04:30:49,138.36,54,mensalista
356,2017-07-04 13:45:53,2017-07-04 15:45:53 UTC,139.41,47,mensalista
357,2020-04-18 00:39:56,2020-04-18 02:39:56 UTC,176.34,62,mensalista
358,2020-08-12 11:50:27,2016-06-29 11:13:32,38.15,67,mensalista
359,2019-03-09 07:47:19,2019-02-20 21:11:51,97.76,50,mensalista
360,2016-06-02 23:27:09,2016-06-03 01:27:09 UTC,120.67,88,horista
361,2022-04-26 10:40:02,2017-01-18 11:27:57,214.78,28,mensalista
362,2016-11-20 14:37:41,2016-11-20 16:37:41 UTC,79.56,72,mensalista
363,2017-06-04 03:11:12,2015-07-15 05:44:04,58.25,86,horista
364,2017-03-30 14:44:28,2017-03-30 16:44:28 UTC,235.20,64,horista
365,2021-03-10 00:58:37,2016-07-30 07:31:42,202.53,72,mensalista
366,2021-05-30 07:42:59,2016-02-21 00:19:56,33.40,59,mensalista
367,2018-11-17 11:46:30,2018-11-17 13:46:30 UTC,283.79,80,mensalista
368,2015-06-30 11:43:10,2015-06-30 13:43:10 UTC,288.55,62,horista
369,2019-07-04 05:36:34,2019-07-04 07:36:34 UTC,121.01,89,mensalista
370,2017-08-05 21:48:34,2017-08-05 23:48:34 UTC,241.19,69,horista
371,2016-10-21 19:09:45,2016-10-21 21:09:45 UTC,63.33,15,horista
372,2017-02-26 13:09:23,2016-06-29 02:56:11,79.25,76,mensalista
373,2017-01-23 18:47:27,2017-01-23 20:47:27 UTC,131.99,2,horista
374,2017-11-22 05:11:06,2017-11-01 15:10:59,31.75,30,mensalista
375,2017-02-17 08:20:42,2017-02-17 10:20:42 UTC,254.62,30,horista
376,2019-11-08 21:07:15,2019-09-30 17:19:10,32.59,88,mensalista
377,2015-04-29 09:20:06,2015-04-29 11:20:06 UTC,91.61,19,horista
378,2017-04-28 19:03:58,2015-10-26 03:03:08,101.48,95,mensalista
379,2019-08-06 16:40:23,2019-08-06 18:40:23 UTC,160.54,28,horista
380,2020-12-04 02:01:07,2016-01-05 03:39:36,105.30,62,horista
381,2019-11-27 08:36:55,2019-11-27 10:36:55 UTC,196.19,6,mensalista
382,2022-04-27 11:30:12,2016-11-06 04:38:39,107.13,20,horista
383,2017-01-26 06:22:18,2017-01-26 08:22:18 UTC,156.06,45,mensalista
384,2021-11-01 16:08:25,2016-04-08 19:49:53,287.50,67,mensalista
385,2019-10-29 17:19:55,2019-10-29 19:19:55 UTC,207.36,55,mensalista
386,2018-11-07 10:25:31,2018-11-07 12:25:31 UTC,89.23,83,horista
387,2017-05-14 07:13:04,2017-05-14 09:13:04 UTC,146.67,74,horista
388,2019-06-24 21:35:55,2016-10-30 20:49:48,274.46,6,horista
389,2018-11-26 07:29:46,2018-11-26 09:29:46 UTC,265.75,96,mensalista
390,2018-05-11 08:34:23,2016-12-24 11:48:44,198.23,51,horista
391,2021-11-25 00:34:15,2021-11-08 09:06:56,292.59,31,horista
392,2021-05-10 16:24:25,2017-02-08 19:06:57,110.08,97,horista
393,2018-10-02 19:06:51,2017-07-07 23:22:33,297.97,40,mensalista
394,2021-10-03 11:03:51,2020-10-18 16:58:22,251.03,71,horista
395,2021-07-06 17:50:35,2021-07-06 19:50:35 UTC,239.76,42,horista
396,2017-11-18 21:30:07,2015-08-03 17:17:50,72.54,53,mensalista
397,2019-06-18 15:59:19,2018-02-11 08:44:50,67.09,99,horista
398,2021-10-25 05:07:43,2020-07-20 06:18:00,180.06,8,horista
399,2018-12-06 10:02:18,2016-04-17 02:19:58,65.30,42,horista
400,2016-05-14 06:27:14,2016-05-14 08:27:14 UTC,202.51,7,horista
401,2015-09-07 09:47:58,2015-09-07 11:47:58 UTC,178.94,58,horista
402,2017-11-30 12:45:10,2017-11-30 14:45:10 UTC,50.80,24,mensalista
403,2017-03-20 02:18:46,2017-03-20 04:18:46 UTC,183.88,23,mensalista
404,2019-01-27 13:35:16,2019-01-27 15:35:16 UTC,167.23,28,mensalista
405,2019-10-24 18:03:26,2019-10-24 20:03:26 UTC,258.63,66,horista
406,2019-11-05 18:34:42,2018-10-10 08:10:36,63.69,49,mensalista
407,2020-06-05 22:38:09,2020-01-02 22:28:37,115.66,65,horista
408,2015-10-02 02:09:45,2015-10-02 04:09:45 UTC,158.98,45,mensalista
409,2015-05-11 15:01:29,2015-05-11 17:01:29 UTC,105.75,14,mensalista
410,2018-03-17 06:34:37,2017-02-10 23:40:31,275.75,96,horista
411,2016-12-12 17:56:47,2016-12-12 19:56:47 UTC,218.96,72,horista
412,2015-06-21 12:33:47,2015-06-21 14:33:47 UTC,295.37,77,mensalista
413,2016-12-05 07:22:48,2015-05-03 04:07:44,50.29,39,mensalista
414,2016-05-17 05:35:45,2016-05-17 07:35:45 UTC,175.57,51,horista
415,2020-05-26 16:44:47,2020-02-22 03:06:57,87.63,76,mensalista
416,2020-09-09 20:55:55,2020-09-09 22:55:55 UTC,124.54,98,mensalista
417,2017-06-28 15:24:25,2017-06-28 17:24:25 UTC,194.49,42,horista
418,2022-04-18 15:31:07,2018-08-05 16:31:41,57.81,30,horista
419,2019-10-25 11:17:24,2017-11-11 02:21:30,287.25,67,horista
420,2020-09-18 14:40:28,2015-08-13 03:05:26,206.03,19,horista
421,2020-07-13 22:05:47,2016-03-01 04:59:28,213.87,24,horista
422,2020-08-17 19:21:12,2015-08-24 06:11:28,82.77,64,mensalista
423,2019-10-10 19:02:10,2017-02-16 23:47:58,258.91,45,mensalista
424,2015-08-10 07:10:58,2015-08-10 09:10:58 UTC,281.36,91,horista
425,2016-12-12 06:37:00,2016-12-12 08:37:00 UTC,69.62,19,horista
426,2019-07-24 10:11:37,2015-07-25 12:59:22,116.04,33,mensalista
427,2018-10-18 16:45:26,2015-10-02 02:51:47,122.90,75,mensalista
428,2020-12-30 01:38:31,2018-10-25 10:50:57,198.66,88,horista
429,2017-10-08 23:54:36,2017-10-09 01:54:36 UTC,101.10,21,horista
430,2017-03-10 20:51:08,2017-03-10 22:51:08 UTC,278.60,73,mensalista
431,2016-08-27 23:16:54,2016-08-28 01:16:54 UTC,75.96,86,mensalista
432,2022-01-22 02:32:58,2016-06-06 18:24:32,150.46,36,horista
433,2020-01-29 17:55:10,2017-06-06 05:32:55,159.61,40,mensalista
434,2015-11-19 07:17:12,2015-11-19 09:17:12 UTC,164.71,84,horista
435,2015-09-29 16:08:26,2015-09-29 18:08:26 UTC,205.17,62,horista
436,2017-03-02 03:13:09,2015-09-14 07:04:52,42.80,92,mensalista
437,2015-08-23 08:51:07,2015-08-23 10:51:07 UTC,36.98,4,horista
438,2020-03-07 01:01:29,2019-03-22 14:18:36,65.43,28,mensalista
439,2021-06-29 11:48:58,2019-03-18 22:07:41,203.52,61,horista
440,2017-11-20 22:51:25,2017-11-21 00:51:25 UTC,49.76,98,horista
441,2019-01-06 20:11:22,2019-01-06 22:11:22 UTC,204.04,6,horista
442,2016-09-03 14:37:19,2016-09-03 16:37:19 UTC,81.44,24,horista
443,2020-07-26 11:53:47,2016-03-21 12:11:03,213.89,26,mensalista
444,2019-05-28 12:25:04,2019-05-28 14:25:04 UTC,134.01,100,horista
445,2017-01-24 04:27:32,2017-01-24 06:27:32 UTC,221.60,45,horista
446,2019-10-04 18:49:13,2015-11-27 09:56:18,152.30,77,horista
447,2016-12-06 05:37:26,2016-12-06 07:37:26 UTC,163.69,37,horista
448,2021-09-10 17:14:19,2016-01-22 08:09:42,260.94,72,horista
449,2020-07-11 10:12:35,2019-06-11 18:07:52,158.24,75,mensalista
450,2018-10-12 01:27:52,2018-10-12 03:27:52 UTC,40.32,61,mensalista
451,2015-11-20 00:20:18,2015-11-20 02:20:18 UTC,207.96,79,horista
452,2016-08-04 12:26:41,2016-08-04 14:26:41 UTC,182.74,20,horista
453,2022-04-02 05:57:38,2018-05-09 09:24:28,109.53,78,horista
454,2019-11-12 16:44:04,2018-11-22 22:52:07,76.56,31,horista
455,2019-07-14 02:19:18,2019-07-14 04:19:18 UTC,95.84,38,horista
456,2021-01-26 14:41:56,2016-10-20 22:48:07,256.75,14,horista
457,2019-02-13 08:41:57,2016-09-08 14:59:20,293.38,53,horista
458,2019-06-10 04:00:08,2017-11-06 16:01:59,278.49,81,horista
459,2016-11-21 16:11:47,2016-11-21 18:11:47 UTC,148.09,46,horista
460,2021-11-28 03:14:58,2018-06-15 01:41:57,35.44,14,mensalista
461,2016-03-01 00:43:43,2016-03-01 02:43:43 UTC,124.94,68,mensalista
462,2022-04-26 16:13:08,2017-01-10 15:24:02,191.15,45,mensalista
463,2021-09-13 09:48:16,2017-10-22 17:39:40,117.64,48,horista
464,2017-04-21 23:07:07,2015-11-09 02:34:02,284.07,67,horista
465,2020-03-22 04:12:26,2020-03-22 06:12:26 UTC,49.37,43,horista
466,2018-04-22 17:57:39,2017-04-19 23:07:09,145.30,14,mensalista
467,2016-01-03 10:02:04,2016-01-03 12:02:04 UTC,143.55,70,horista
468,2016-07-21 21:15:53,2016-07-21 23:15:53 UTC,108.31,30,horista
469,2016-04-20 14:42:28,2016-04-20 16:42:28 UTC,60.04,36,mensalista
470,2017-08-24 22:49:34,2017-08-25 00:49:34 UTC,79.82,37,horista
471,2021-07-03 10:54:55,2016-04-09 00:31:48,40.43,4,horista
472,2019-06-22 03:21:58,2019-06-22 05:21:58 UTC,160.55,86,mensalista
473,2019-11-07 07:40:22,2018-10-08 23:23:35,257.74,69,mensalista
474,2021-01-18 09:45:01,2018-02-02 11:30:56,256.62,60,mensalista
475,2021-05-17 19:41:27,2016-02-24 01:12:11,164.79,49,mensalista
476,2018-12-24 08:01:17,2015-06-26 08:25:24,141.25,8,horista
477,2021-08-10 06:29:37,2016-12-29 07:37:54,85.51,32,mensalista
478,2022-02-03 16:42:30,2018-03-17 21:32:00,64.23,41,horista
479,2021-03-21 05:41:26,2019-02-15 03:55:38,78.89,71,mensalista
480,2017-09-06 03:17:28,2017-09-06 05:17:28 UTC,193.42,63,mensalista
481,2018-05-02 07:45:29,2018-05-02 09:45:29 UTC,153.92,86,horista
482,2022-02-12 00:19:15,2015-06-25 16:29:59,120.22,51,mensalista
483,2022-03-13 22:31:15,2017-04-18 13:40:59,262.51,77,mensalista
484,2020-07-14 10:20:34,2019-06-30 19:30:46,159.27,53,mensalista
485,2019-08-30 03:12:24,2019-08-30 05:12:24 UTC,280.10,58,horista
486,2017-08-12 14:14:10,2017-08-12 16:14:10 UTC,156.27,23,mensalista
487,2015-07-27 02:06:29,2015-07-27 04:06:29 UTC,280.45,56,horista
488,2020-06-16 18:52:38,2019-06-27 16:31:41,133.95,57,mensalista
489,2019-12-28 00:47:18,2017-06-25 22:00:00,120.67,88,mensalista
490,2016-03-09 03:26:34,2016-03-09 05:26:34 UTC,56.02,98,horista
491,2017-11-07 15:15:53,2017-11-07 17:15:53 UTC,76.94,48,horista
492,2021-01-22 03:15:48,2016-09-11 09:24:33,156.76,19,mensalista
493,2019-01-13 23:54:17,2017-08-04 17:34:58,201.31,10,horista
494,2019-01-29 13:55:32,2018-12-04 06:02:10,169.64,4,mensalista
495,2020-01-19 07:10:08,2015-05-08 18:49:25,101.94,100,horista
496,2021-10-24 15:02:29,2016-11-29 11:20:11,227.00,82,horista
497,2018-09-26 06:03:37,2018-01-02 03:31:50,110.76,48,mensalista
498,2020-03-01 06:50:24,2017-05-02 23:14:13,76.25,57,horista
499,2018-05-19 05:05:58,2018-05-19 07:05:58 UTC,235.52,37,horista
500,2020-06-30 20:16:19,2017-10-24 09:16:24,197.64,4,horista
501,2017-12-03 19:51:05,2017-12-03 21:51:05 UTC,155.39,90,horista
502,2021-12-21 11:17:23,2021-06-09 03:34:05,289.48,70,horista
503,2019-12-12 17:07:46,2018-05-21 19:50:43,50.86,59,mensalista
504,2017-04-16 02:42:29,2017-04-16 04:42:29 UTC,105.80,66,horista
505,2019-04-23 00:01:14,2018-11-14 05:03:23,114.11,75,horista
506,2020-01-28 17:52:47,2017-11-21 19:16:19,191.47,73,mensalista
507,2021-11-04 02:06:54,2018-11-19 09:16:08,208.98,21,mensalista
508,2017-09-28 00:23:55,2017-05-09 08:34:17,176.87,12,mensalista
509,2016-03-25 03:52:18,2016-01-29 06:22:32,39.41,9,horista
510,2016-02-26 21:26:07,2016-02-26 23:26:07 UTC,297.18,13,horista
511,2020-01-22 01:42:11,2020-01-22 03:42:11 UTC,287.37,4,mensalista
512,2018-10-16 05:38:27,2018-06-25 07:23:35,150.07,40,mensalista
513,2019-08-06 14:57:01,2019-08-06 16:57:01 UTC,90.73,98,mensalista
514,2021-01-20 09:30:59,2015-09-28 14:15:14,109.09,25,mensalista
515,2018-07-06 08:58:00,2017-09-19 22:34:16,155.50,18,horista
516,2016-11-20 07:20:14,2016-11-20 09:20:14 UTC,159.53,39,mensalista
517,2021-02-27 04:29:33,2017-11-20 01:54:09,124.02,51,mensalista
518,2016-06-11 15:51:09,2016-06-11 17:51:09 UTC,126.52,57,mensalista
519,2016-08-27 06:13:00,2016-08-27 08:13:00 UTC,185.90,43,mensalista
520,2019-09-24 09:46:27,2019-09-24 11:46:27 UTC,149.81,32,horista
521,2017-01-21 02:06:00,2017-01-21 04:06:00 UTC,244.85,33,mensalista
522,2017-11-19 05:47:46,2015-08-24 00:30:29,38.54,2,mensalista
523,2018-07-13 02:18:54,2016-08-26 09:49:27,212.00,35,mensalista
524,2018-08-16 23:15:06,2018-08-17 01:15:06 UTC,202.89,75,horista
525,2021-09-22 22:57:40,2018-02-26 07:18:31,108.33,9,mensalista
526,2017-04-04 02:42:35,2017-04-04 04:42:35 UTC,295.97,3,mensalista
527,2022-01-17 07:56:27,2021-09-10 16:20:22,287.24,86,horista
528,2017-08-05 07:06:45,2017-08-05 09:06:45 UTC,180.55,59,mensalista
529,2015-07-31 10:57:43,2015-07-31 12:57:43 UTC,140.31,32,mensalista
530,2019-01-02 03:01:21,2016-10-12 04:59:45,57.61,72,mensalista
531,2016-05-25 17:54:09,2016-05-25 19:54:09 UTC,187.10,71,mensalista
532,2020-12-17 10:51:09,2020-12-17 12:51:09 UTC,184.33,48,horista
533,2016-05-11 17:35:27,2016-05-11 19:35:27 UTC,167.95,8,horista
534,2021-02-04 07:07:38,2021-02-04 09:07:38 UTC,266.57,93,mensalista
535,2015-07-14 10:31:28,2015-07-14 12:31:28 UTC,160.74,2,horista
536,2017-09-24 15:40:26,2017-01-26 10:32:24,119.24,13,mensalista
537,2020-11-14 02:58:26,2020-10-29 02:57:19,273.75,99,mensalista
538,2019-11-15 20:10:08,2018-12-12 13:30:53,50.23,76,horista
539,2015-05-15 09:16:17,2015-05-15 11:16:17 UTC,180.35,53,mensalista
540,2021-11-22 19:34:36,2019-11-11 19:35:01,162.34,24,horista
541,2021-04-30 00:32:48,2018-06-28 02:34:39,75.58,53,mensalista
542,2021-07-21 06:25:11,2017-05-28 22:36:08,272.80,82,mensalista
543,2016-04-11 19:55:29,2016-04-11 21:55:29 UTC,241.72,95,horista
544,2020-10-22 21:01:02,2019-07-25 01:50:27,70.85,75,horista
545,2021-11-13 00:35:26,2016-09-22 21:35:02,41.96,49,horista
546,2016-07-06 18:50:26,2016-03-14 11:28:31,71.03,9,mensalista
547,2016-12-18 08:08:35,2016-01-05 05:28:08,277.15,49,horista
548,2015-11-21 10:32:17,2015-11-21 12:32:17 UTC,261.71,68,mensalista
549,2016-09-02 18:13:48,2016-09-02 20:13:48 UTC,277.90,57,horista
550,2018-09-13 19:09:50,2017-05-25 19:00:47,247.18,71,horista
551,2017-10-01 01:36:39,2017-10-01 03:36:39 UTC,33.90,10,mensalista
552,2020-07-07 02:53:12,2017-10-07 00:22:43,218.99,33,horista
553,2018-06-21 14:04:22,2017-07-26 16:29:54,220.10,34,mensalista
554,2018-01-04 10:18:49,2018-01-04 12:18:49 UTC,223.42,42,horista
555,2021-06-24 22:24:28,2017-04-06 09:23:31,89.30,46,horista
556,2016-04-13 08:45:32,2016-04-13 10:45:32 UTC,266.46,63,mensalista
557,2022-02-22 00:45:41,2017-05-11 02:12:14,35.88,57,horista
558,2017-02-28 12:39:22,2017-02-28 14:39:22 UTC,281.80,23,horista
559,2015-12-05 12:47:23,2015-12-05 14:47:23 UTC,168.26,18,horista
560,2021-07-08 05:19:45,2018-05-25 10:24:50,224.48,71,horista
561,2016-07-08 17:39:44,2016-07-08 19:39:44 UTC,103.52,68,horista
562,2018-11-12 04:02:25,2018-11-12 06:02:25 UTC,147.53,53,horista
563,2018-03-09 05:55:15,2015-11-17 05:42:45,167.59,42,horista
564,2018-01-04 18:17:18,2017-04-13 14:34:41,259.07,36,mensalista
565,2016-02-14 11:40:28,2016-02-14 13:40:28 UTC,207.94,55,mensalista
566,2017-06-07 13:40:32,2017-06-07 15:40:32 UTC,103.93,57,horista
567,2019-03-09 23:58:59,2019-03-10 01:58:59 UTC,211.33,1,horista
568,2020-09-27 17:46:04,2015-11-17 16:38:18,139.79,56,horista
569,2016-07-14 03:36:27,2016-07-14 05:36:27 UTC,230.17,9,horista
570,2017-02-23 09:10:16,2017-02-23 11:10:16 UTC,128.20,97,mensalista
571,2018-02-23 15:49:08,2018-02-23 17:49:08 UTC,254.14,61,horista
572,2020-08-07 15:49:32,2019-09-12 02:28:50,170.57,72,mensalista
573,2021-08-14 06:53:34,2015-06-13 18:08:19,186.88,37,mensalista
574,2020-03-24 16:57:44,2020-03-24 18:57:44 UTC,202.49,30,horista
575,2019-08-21 08:11:29,2019-07-22 15:47:35,232.65,9,mensalista
576,2021-08-28 21:26:47,2018-07-14 03:49:11,53.78,38,mensalista
577,2016-06-08 19:49:17,2016-05-30 03:26:17,280.68,5,horista
578,2019-07-21 11:09:53,2017-04-15 02:57:57,138.46,35,horista
579,2017-08-18 09:10:00,2017-01-10 00:26:35,65.27,16,horista
580,2022-04-19 20:27:40,2020-06-26 05:10:16,58.83,37,horista
581,2017-07-25 19:38:30,2015-08-07 17:04:53,207.25,15,mensalista
582,2018-01-07 00:26:01,2017-04-03 23:48:13,94.26,24,mensalista
583,2019-03-22 04:32:41,2018-02-13 20:56:01,230.64,48,mensalista
584,2017-06-25 07:26:49,2017-06-25 09:26:49 UTC,296.80,96,horista
585,2021-05-31 17:20:44,2017-04-23 10:08:10,228.55,76,horista
586,2015-11-18 20:50:23,2015-11-18 22:50:23 UTC,110.27,19,horista
587,2018-09-21 21:57:29,2018-09-21 23:57:29 UTC,70.84,38,horista
588,2021-02-16 17:55:30,2016-02-17 12:22:20,68.03,24,mensalista
589,2021-02-22 20:02:18,2015-07-13 21:01:23,215.53,3,mensalista
590,2020-01-25 01:59:24,2020-01-25 03:59:24 UTC,128.43,80,mensalista
591,2018-06-14 13:28:06,2018-06-14 15:28:06 UTC,272.97,81,horista
592,2016-04-07 10:23:40,2016-04-07 12:23:40 UTC,214.95,15,horista
593,2018-12-03 10:11:48,2017-05-15 14:47:34,211.11,76,mensalista
594,2021-11-23 01:23:12,2021-11-23 03:23:12 UTC,53.44,8,mensalista
595,2016-07-30 19:26:22,2016-07-30 21:26:22 UTC,187.38,79,horista
596,2021-09-02 21:35:52,2016-11-28 20:04:19,187.30,7,mensalista
597,2022-03-30 08:13:25,2015-12-24 19:47:14,91.33,97,horista
598,2016-09-15 23:52:18,2016-05-06 21:31:03,107.25,18,horista
599,2016-06-22 03:48:51,2016-06-22 05:48:51 UTC,181.27,48,mensalista
600,2017-05-18 16:14:05,2017-05-18 18:14:05 UTC,224.14,65,mensalista
601,2018-02-05 18:14:31,2018-02-05 20:14:31 UTC,156.18,73,horista
602,2016-09-06 06:26:28,2015-08-25 17:09:32,161.47,49,mensalista
603,2021-01-31 01:29:48,2016-12-23 07:11:14,158.53,45,mensalista
604,2017-04-25 07:15:33,2017-04-25 09:15:33 UTC,208.49,29,horista
605,2021-04-16 23:01:10,2021-04-17 01:01:10 UTC,259.41,22,horista
606,2016-09-25 21:46:44,2016-09-25 23:46:44 UTC,123.90,51,horista
607,2022-01-11 23:11:35,2018-11-13 21:04:22,183.95,37,mensalista
608,2021-09-03 02:51:52,2020-10-08 19:37:11,74.44,29,mensalista
609,2017-04-23 04:12:35,2016-02-21 22:28:12,296.58,65,horista
610,2016-08-04 08:47:37,2016-08-04 10:47:37 UTC,257.62,90,horista
611,2015-11-12 18:12:25,2015-11-12 20:12:25 UTC,155.93,9,horista
612,2021-10-10 14:31:48,2018-01-12 12:57:41,117.82,2,mensalista
613,2016-04-19 16:59:08,2016-04-19 18:59:08 UTC,253.61,90,mensalista
614,2020-07-26 22:35:33,2016-10-18 14:41:31,115.41,75,mensalista
615,2018-10-31 07:45:44,2018-10-31 09:45:44 UTC,161.09,39,horista
616,2015-09-03 09:00:31,2015-09-03 11:00:31 UTC,39.62,70,mensalista
617,2021-07-08 09:32:47,2021-05-14 03:45:15,207.32,97,horista
618,2016-10-22 13:43:06,2015-05-14 22:04:54,146.38,68,horista
619,2018-09-09 23:48:32,2018-09-10 01:48:32 UTC,192.53,92,mensalista
620,2015-11-27 03:35:04,2015-06-25 01:28:16,249.15,45,horista
621,2018-06-28 01:28:30,2018-06-28 03:28:30 UTC,249.90,48,mensalista
622,2018-11-16 04:59:21,2018-07-23 17:56:51,101.44,95,mensalista
623,2021-03-05 18:43:27,2019-03-02 05:38:39,279.72,2,mensalista
624,2015-06-12 19:46:48,2015-06-12 21:46:48 UTC,76.18,80,horista
625,2019-01-30 19:42:13,2016-09-26 19:05:53,271.75,34,horista
626,2019-04-26 12:55:58,2017-08-02 23:39:37,130.24,50,horista
627,2020-03-03 06:06:42,2018-06-08 01:01:32,291.42,88,horista
628,2017-02-21 22:34:25,2015-09-28 05:56:19,120.79,24,mensalista
629,2017-03-10 04:43:22,2017-03-10 06:43:22 UTC,185.09,69,mensalista
630,2018-10-22 22:13:28,2015-08-29 16:48:37,101.57,53,horista
631,2020-08-23 03:54:25,2020-08-23 05:54:25 UTC,70.74,56,mensalista
632,2015-10-10 19:29:52,2015-10-10 21:29:52 UTC,177.17,61,horista
633,2017-07-25 05:14:19,2017-07-01 02:59:31,44.60,18,horista
634,2021-07-22 00:03:39,2021-02-05 06:21:24,234.11,72,horista
635,2017-11-27 23:52:54,2017-11-28 01:52:54 UTC,240.43,83,mensalista
636,2020-03-21 17:22:42,2020-01-19 13:59:14,154.44,78,mensalista
637,2018-04-15 07:24:21,2018-04-15 09:24:21 UTC,158.94,15,horista
638,2021-11-02 16:07:41,2017-07-11 01:27:19,283.09,50,mensalista
639,2020-10-21 22:31:56,2020-10-22 00:31:56 UTC,77.42,11,horista
640,2021-11-25 23:50:57,2017-09-16 11:05:45,74.54,39,mensalista
641,2015-09-12 17:55:40,2015-09-12 19:55:40 UTC,96.14,18,mensalista
642,2021-10-20 12:44:58,2015-10-27 05:51:42,233.01,59,horista
643,2015-07-16 22:38:40,2015-07-17 00:38:40 UTC,142.94,22,mensalista
644,2020-07-04 01:32:25,2020-07-04 03:32:25 UTC,61.56,74,horista
645,2017-12-16 22:42:47,2015-06-01 21:53:50,256.05,37,horista
646,2022-02-19 14:25:59,2016-05-15 23:41:57,105.19,91,horista
647,2021-06-19 05:39:17,2015-06-03 13:23:11,284.02,20,horista
648,2020-09-03 22:37:02,2020-05-28 09:09:35,241.90,42,horista
649,2016-09-13 16:21:53,2016-09-13 18:21:53 UTC,95.31,60,horista
650,2016-11-04 00:38:42,2016-11-04 02:38:42 UTC,188.20,27,horista
651,2020-08-14 05:58:52,2020-08-14 07:58:52 UTC,111.81,94,mensalista
652,2019-05-20 09:17:29,2015-10-13 07:16:26,76.92,61,mensalista
653,2019-01-24 13:31:55,2016-09-10 04:17:04,176.62,9,horista
654,2018-04-07 06:47:45,2018-04-07 08:47:45 UTC,35.27,49,mensalista
655,2017-02-15 09:12:30,2016-04-11 10:44:15,205.60,28,horista
656,2019-12-26 11:26:18,2019-12-26 13:26:18 UTC,272.26,44,horista
657,2019-03-12 15:18:40,2016-05-15 15:01:35,150.14,89,horista
658,2019-08-12 07:55:32,2018-02-04 01:00:41,143.19,4,mensalista
659,2021-03-24 01:55:37,2016-07-02 19:58:51,108.97,17,horista
660,2019-10-05 13:05:29,2019-10-05 15:05:29 UTC,106.16,25,mensalista
661,2020-04-17 11:24:04,2015-10-27 13:35:22,34.50,49,mensalista
662,2019-07-20 07:56:33,2019-07-20 09:56:33 UTC,81.77,71,mensalista
663,2018-03-04 14:54:28,2016-07-25 02:54:44,95.72,31,horista
664,2022-02-06 21:02:05,2015-05-26 04:13:17,71.39,85,horista
665,2020-01-15 01:29:39,2015-06-16 14:56:23,123.09,41,mensalista
666,2021-06-16 22:08:43,2020-06-27 07:00:51,90.86,79,horista
667,2018-11-14 23:55:26,2018-11-15 01:55:26 UTC,176.35,46,horista
668,2020-11-15 09:42:46,2017-09-03 06:14:03,101.07,6,mensalista
669,2016-08-03 18:18:32,2016-08-03 20:18:32 UTC,234.13,59,horista
670,2015-09-18 18:02:09,2015-09-18 20:02:09 UTC,212.43,88,mensalista
671,2018-12-08 14:58:41,2016-12-19 03:04:02,180.87,20,horista
672,2017-01-10 17:23:42,2017-01-10 19:23:42 UTC,104.09,93,mensalista
673,2019-01-23 17:12:48,2019-01-23 19:12:48 UTC,253.45,24,mensalista
674,2020-08-16 01:44:16,2020-08-16 03:44:16 UTC,144.14,96,mensalista
675,2021-04-28 15:30:15,2021-01-17 16:44:19,287.84,10,horista
676,2018-02-27 22:12:51,2018-02-28 00:12:51 UTC,206.64,59,mensalista
677,2016-02-16 11:25:34,2016-02-16 13:25:34 UTC,123.72,80,mensalista
678,2022-03-26 08:43:45,2015-05-29 02:17:51,201.73,42,horista
679,2018-07-14 19:13:10,2018-07-14 21:13:10 UTC,69.12,80,mensalista
680,2021-07-12 06:17:31,2021-07-12 08:17:31 UTC,265.51,91,mensalista
681,2022-04-03 07:58:48,2018-05-16 18:49:15,36.90,22,horista
682,2021-04-19 08:52:22,2019-02-06 14:24:27,219.44,18,horista
683,2017-04-30 11:25:43,2017-04-30 13:25:43 UTC,79.11,35,horista
684,2019-02-28 08:57:29,2016-09-17 03:48:46,188.34,71,horista
685,2016-08-16 09:19:30,2016-08-16 11:19:30 UTC,297.43,39,mensalista
686,2019-04-19 21:06:16,2018-08-22 10:22:30,98.25,36,horista
687,2019-01-03 14:08:53,2019-01-03 16:08:53 UTC,99.21,98,horista
688,2021-03-23 17:18:58,2015-09-19 06:43:44,158.38,46,horista
689,2022-03-17 06:24:58,2017-11-12 01:37:36,237.95,91,horista
690,2019-06-02 23:16:50,2015-11-13 07:18:03,143.95,14,horista
691,2021-03-25 01:00:28,2017-07-17 20:45:20,146.46,7,mensalista
692,2015-08-18 08:34:13,2015-08-18 10:34:13 UTC,251.89,79,mensalista
693,2016-05-04 01:13:57,2016-05-04 03:13:57 UTC,176.13,12,horista
694,2019-04-14 08:26:22,2017-09-23 02:07:59,79.50,100,mensalista
695,2017-01-04 15:25:04,2016-08-16 11:23:17,162.19,84,mensalista
696,2020-12-27 22:27:46,2020-04-13 03:23:17,55.44,49,mensalista
697,2015-07-24 23:35:40,2015-07-25 01:35:40 UTC,205.54,91,mensalista
698,2016-08-04 17:31:45,2016-08-04 19:31:45 UTC,271.09,14,horista
699,2022-04-05 01:31:57,2020-01-14 21:08:07,205.38,52,horista
700,2018-07-19 08:19:00,2018-03-20 03:07:52,132.36,86,mensalista
701,2015-07-29 11:31:36,2015-07-29 13:31:36 UTC,82.92,25,mensalista
702,2018-05-15 02:12:32,2017-04-18 10:05:39,267.47,83,horista
703,2022-04-22 23:01:03,2015-05-17 03:29:59,218.93,82,horista
704,2020-08-01 10:30:14,2016-11-18 01:11:34,98.21,93,mensalista
705,2017-09-14 07:14:04,2017-09-14 09:14:04 UTC,139.54,95,horista
706,2015-11-21 16:23:39,2015-11-21 18:23:39 UTC,238.24,77,mensalista
707,2020-11-06 16:17:44,2018-08-14 11:35:50,221.67,19,horista
708,2017-02-14 15:32:16,2016-04-19 09:59:48,265.90,100,mensalista
709,2016-03-22 18:12:56,2016-03-22 20:12:56 UTC,173.84,43,mensalista
710,2020-02-05 15:10:15,2017-06-10 11:32:23,56.29,20,horista
711,2018-09-14 00:28:08,2018-09-14 02:28:08 UTC,71.08,83,horista
712,2021-08-24 15:07:23,2018-11-22 03:53:13,90.21,81,horista
713,2017-09-08 18:21:59,2016-06-25 07:43:32,44.58,91,mensalista
714,2017-08-16 03:25:38,2017-07-21 02:46:37,160.39,81,mensalista
715,2016-02-15 05:05:30,2016-02-15 07:05:30 UTC,92.67,58,horista
716,2016-03-29 17:15:52,2015-09-02 10:52:48,42.03,27,horista
717,2017-07-02 06:04:52,2017-07-02 08:04:52 UTC,134.90,17,mensalista
718,2018-02-03 14:40:33,2018-02-03 16:40:33 UTC,119.75,69,mensalista
719,2019-09-03 14:09:54,2018-01-04 18:26:59,136.04,5,horista
720,2015-08-14 01:50:05,2015-08-14 03:50:05 UTC,165.74,55,horista
721,2015-11-14 14:13:23,2015-11-14 16:13:23 UTC,125.98,95,horista
722,2020-06-16 04:18:47,2020-06-16 06:18:47 UTC,120.33,69,horista
723,2018-03-02 20:36:21,2016-07-24 04:14:38,31.87,1,horista
724,2017-01-12 23:56:53,2016-04-06 19:55:39,40.54,32,mensalista
725,2020-10-12 13:16:21,2016-05-20 15:07:48,253.54,1,mensalista
726,2016-06-20 09:33:18,2016-06-20 11:33:18 UTC,224.61,82,horista
727,2016-06-19 12:13:11,2016-06-19 14:13:11 UTC,118.19,36,mensalista
728,2016-12-29 07:54:31,2016-12-29 09:54:31 UTC,136.97,28,mensalista
729,2017-07-04 23:54:56,2016-12-12 07:57:55,33.18,72,horista
730,2021-03-31 11:00:18,2015-05-10 14:05:31,262.83,44,horista
731,2016-12-28 11:15:02,2016-12-28 13:15:02 UTC,93.53,67,horista
732,2019-09-01 23:55:58,2017-05-25 14:24:29,269.69,2,horista
733,2016-12-16 08:10:59,2016-12-16 10:10:59 UTC,108.13,22,mensalista
734,2016-07-20 04:34:58,2016-07-20 06:34:58 UTC,82.85,51,horista
735,2017-08-30 00:29:20,2015-11-14 13:18:50,138.36,64,mensalista
736,2018-05-15 22:45:45,2017-05-05 06:40:53,203.51,37,horista
737,2016-12-22 09:02:10,2016-12-22 11:02:10 UTC,273.89,9,horista
738,2021-10-16 13:42:54,2018-06-13 19:24:28,256.94,4,mensalista
739,2020-10-06 20:24:17,2019-06-22 01:47:06,251.75,72,horista
740,2017-06-22 14:56:35,2017-06-22 16:56:35 UTC,50.66,65,horista
741,2021-06-14 03:37:01,2015-05-09 20:11:14,199.47,61,mensalista
742,2018-04-29 05:15:52,2018-04-29 07:15:52 UTC,73.44,17,mensalista
743,2022-04-24 13:38:25,2020-01-19 11:18:55,38.66,86,horista
744,2015-07-24 04:04:12,2015-07-24 06:04:12 UTC,196.08,5,horista
745,2020-10-15 00:46:04,2016-04-09 01:57:37,285.77,86,mensalista
746,2015-09-21 05:33:44,2015-09-21 07:33:44 UTC,104.06,59,mensalista
747,2019-06-26 23:17:10,2017-01-02 05:14:52,140.80,96,mensalista
748,2019-01-23 13:16:03,2015-06-08 05:35:55,33.40,60,horista
749,2016-08-15 02:40:36,2016-08-15 04:40:36 UTC,168.37,44,mensalista
750,2019-07-09 14:12:27,2019-07-09 16:12:27 UTC,262.39,72,mensalista
751,2021-01-28 01:59:19,2015-10-24 08:41:48,188.26,45,mensalista
752,2016-05-07 01:00:37,2015-08-11 08:24:06,159.86,5,horista
753,2018-10-22 17:19:48,2018-10-22 19:19:48 UTC,36.18,98,horista
754,2021-02-17 12:21:43,2017-03-28 21:06:03,137.08,42,mensalista
755,2019-09-20 22:03:37,2017-06-29 08:06:07,200.36,2,mensalista
756,2018-10-07 17:05:16,2017-03-28 16:26:48,120.93,2,mensalista
757,2015-09-09 05:56:26,2015-09-09 07:56:26 UTC,239.85,100,mensalista
758,2017-11-16 21:48:23,2017-11-16 23:48:23 UTC,67.40,79,horista
759,2017-08-12 21:45:01,2017-08-12 23:45:01 UTC,126.68,53,horista
760,2018-10-25 16:43:06,2017-08-13 18:42:34,221.33,63,horista
761,2015-09-06 02:43:28,2015-09-06 04:43:28 UTC,66.73,65,horista
762,2019-10-27 18:36:47,2018-01-09 07:34:23,280.96,7,horista
763,2018-11-14 00:09:47,2017-02-21 01:08:23,93.83,83,horista
764,2022-03-12 18:46:23,2018-12-31 05:53:45,209.99,90,horista
765,2019-07-30 13:18:14,2019-07-30 15:18:14 UTC,153.35,46,horista
766,2021-05-13 11:58:18,2018-09-08 08:32:15,187.31,76,mensalista
767,2017-10-16 21:14:30,2017-10-16 23:14:30 UTC,68.97,83,mensalista
768,2019-12-22 10:57:12,2017-10-16 08:30:21,106.38,44,mensalista
769,2022-02-06 02:40:00,2016-05-10 02:26:21,121.53,2,mensalista
770,2018-01-06 05:31:33,2018-01-06 07:31:33 UTC,259.55,18,mensalista
771,2015-10-03 12:17:44,2015-10-03 14:17:44 UTC,113.30,25,horista
772,2020-11-28 08:47:13,2020-11-28 10:47:13 UTC,75.19,94,horista
773,2019-12-11 17:34:10,2015-10-17 05:46:47,46.26,22,mensalista
774,2017-09-14 03:35:25,2017-09-14 05:35:25 UTC,221.86,41,horista
775,2021-10-14 23:07:41,2020-04-01 10:23:27,192.29,17,mensalista
776,2017-07-30 21:33:30,2016-05-30 07:06:21,40.87,61,mensalista
777,2016-11-16 15:11:48,2015-08-19 23:48:40,264.76,40,horista
778,2017-05-08 18:07:25,2017-05-08 20:07:25 UTC,131.83,56,mensalista
779,2016-02-29 16:10:45,2015-09-12 20:05:08,156.83,97,horista
780,2021-02-28 00:36:32,2019-11-09 04:52:42,147.91,38,horista
781,2022-04-08 21:57:27,2016-06-23 07:15:23,92.59,80,horista
782,2016-06-16 22:59:17,2016-06-17 00:59:17 UTC,236.16,38,mensalista
783,2022-02-26 13:50:56,2017-12-07 00:56:37,155.81,84,mensalista
784,2019-07-30 12:19:02,2016-05-04 07:56:03,237.87,92,horista
785,2020-04-22 10:42:07,2019-07-20 16:41:27,257.40,13,mensalista
786,2015-08-20 19:09:26,2015-08-20 21:09:26 UTC,224.26,22,horista
787,2019-09-28 23:57:13,2019-09-29 01:57:13 UTC,88.40,16,horista
788,2021-06-02 08:30:09,2016-07-21 02:00:36,295.98,90,horista
789,2019-05-28 10:34:10,2019-05-28 12:34:10 UTC,43.89,50,horista
790,2018-04-26 16:08:57,2018-04-26 18:08:57 UTC,202.21,98,mensalista
791,2019-08-21 20:17:36,2015-11-26 16:28:08,127.14,3,horista
792,2015-07-10 02:02:13,2015-07-10 04:02:13 UTC,63.18,18,mensalista
793,2015-10-26 17:13:23,2015-10-26 19:13:23 UTC,296.96,84,mensalista
794,2018-01-30 04:36:12,2018-01-30 06:36:12 UTC,256.51,1,mensalista
795,2022-03-29 08:59:20,2020-07-06 23:01:01,182.42,91,horista
796,2019-05-13 11:46:46,2019-05-13 13:46:46 UTC,37.69,52,mensalista
797,2019-12-27 17:51:54,2019-12-27 19:51:54 UTC,161.14,48,mensalista
798,2015-11-03 15:06:41,2015-11-03 17:06:41 UTC,232.50,51,horista
799,2018-07-29 07:02:01,2018-07-29 09:02:01 UTC,39.71,11,horista
800,2015-08-18 15:21:33,2015-08-18 17:21:33 UTC,248.41,29,mensalista
801,2022-04-19 08:54:40,2019-01-23 13:53:53,112.45,42,mensalista
802,2018-05-15 06:55:29,2018-05-15 08:55:29 UTC,208.29,15,mensalista
803,2015-09-17 04:45:29,2015-09-17 06:45:29 UTC,259.36,27,mensalista
804,2016-08-10 00:10:39,2016-08-10 02:10:39 UTC,186.99,69,mensalista
805,2020-11-02 01:14:34,2016-10-06 08:48:17,293.16,100,horista
806,2017-03-02 22:05:49,2015-12-26 10:47:58,115.64,67,horista
807,2020-08-24 14:46:44,2019-09-15 20:14:43,70.10,58,horista
808,2016-01-01 18:44:49,2016-01-01 20:44:49 UTC,271.03,70,mensalista
809,2021-10-02 20:50:51,2016-11-06 03:11:04,203.57,10,horista
810,2017-04-09 01:29:33,2017-04-09 03:29:33 UTC,208.32,6,mensalista
811,2016-06-02 04:48:14,2016-06-02 06:48:14 UTC,187.12,91,mensalista
812,2019-12-29 17:47:09,2019-12-29 19:47:09 UTC,198.80,72,horista
813,2018-06-04 05:56:02,2016-07-20 03:30:23,173.36,46,mensalista
814,2015-12-04 05:36:37,2015-12-04 07:36:37 UTC,36.12,35,horista
815,2020-08-25 18:43:22,2016-02-12 21:15:19,90.36,57,mensalista
816,2017-12-31 22:44:26,2018-01-01 00:44:26 UTC,246.33,31,horista
817,2016-11-11 22:25:55,2016-11-12 00:25:55 UTC,256.53,47,mensalista
818,2019-07-02 19:37:31,2017-10-01 19:35:19,266.76,11,mensalista
819,2021-04-07 23:37:13,2019-09-17 21:02:33,218.29,26,mensalista
820,2019-12-27 07:44:45,2019-04-27 14:27:50,58.48,8,horista
821,2018-04-06 22:56:19,2018-04-07 00:56:19 UTC,187.14,75,horista
822,2020-05-14 13:51:28,2018-12-11 17:53:47,268.28,51,mensalista
823,2020-10-28 06:54:25,2018-08-31 19:27:06,182.83,48,horista
824,2016-03-11 16:43:56,2016-03-11 18:43:56 UTC,89.73,90,horista
825,2019-01-01 10:40:39,2018-11-23 10:59:11,182.58,51,horista
826,2020-11-22 15:33:08,2016-01-19 09:23:38,174.46,30,mensalista
827,2021-09-16 07:38:08,2020-02-08 07:41:57,232.19,13,horista
828,2021-02-14 16:10:59,2017-03-13 22:22:30,267.27,78,horista
829,2019-05-01 01:00:44,2017-06-24 16:31:35,213.42,76,mensalista
830,2021-03-26 13:41:03,2019-05-01 04:27:58,194.92,40,mensalista
831,2021-01-31 12:05:56,2020-07-16 22:44:10,150.14,95,horista
832,2020-03-29 01:32:10,2016-07-13 18:12:40,228.57,62,mensalista
833,2020-04-26 01:20:50,2017-09-08 23:13:37,288.50,57,mensalista
834,2020-11-23 20:40:32,2017-08-28 22:24:27,247.91,13,mensalista
835,2019-02-04 09:50:11,2015-08-17 22:35:49,187.41,13,mensalista
836,2020-02-22 20:41:05,2019-11-27 14:27:59,230.44,82,horista
837,2015-07-17 21:33:30,2015-07-17 23:33:30 UTC,115.60,60,horista
838,2020-07-15 14:24:08,2015-07-26 18:27:36,290.14,98,horista
839,2016-10-09 15:35:07,2016-10-09 17:35:07 UTC,86.90,90,mensalista
840,2015-07-31 01:04:02,2015-07-31 03:04:02 UTC,64.69,16,mensalista
841,2017-07-02 16:49:51,2017-07-02 18:49:51 UTC,107.72,74,horista
842,2019-10-24 05:21:05,2017-10-12 07:01:47,186.45,95,horista
843,2021-07-01 09:28:45,2021-03-25 22:53:36,160.40,66,mensalista
844,2017-09-26 03:54:30,2015-07-11 20:42:25,232.00,52,horista
845,2017-08-27 23:34:13,2017-08-28 01:34:13 UTC,49.74,56,horista
846,2019-06-27 12:22:04,2016-02-24 10:50:11,252.05,37,mensalista
847,2020-02-14 04:39:34,2019-08-31 10:09:45,192.16,35,mensalista
848,2016-01-11 04:32:02,2016-01-11 06:32:02 UTC,182.42,32,mensalista
849,2020-07-28 12:01:29,2015-05-06 08:14:27,189.29,42,mensalista
850,2016-03-07 16:05:55,2016-03-07 18:05:55 UTC,145.94,35,mensalista
851,2016-07-10 12:16:31,2016-07-10 14:16:31 UTC,115.32,41,horista
852,2019-05-08 02:34:15,2016-11-23 03:26:04,157.23,84,horista
853,2018-05-26 15:32:44,2018-05-26 17:32:44 UTC,167.36,85,horista
854,2021-08-30 07:51:01,2020-02-03 11:56:35,237.12,86,horista
855,2017-01-17 08:48:44,2017-01-17 10:48:44 UTC,141.56,11,horista
856,2016-05-18 18:29:04,2016-05-18 20:29:04 UTC,296.89,34,horista
857,2021-11-21 12:59:11,2020-05-27 04:27:00,199.87,28,mensalista
858,2019-02-16 06:57:40,2015-05-03 03:43:43,83.77,24,mensalista
859,2017-09-02 18:11:19,2017-09-02 20:11:19 UTC,272.70,90,horista
860,2017-04-21 05:52:09,2015-11-12 17:29:13,256.03,7,mensalista
861,2019-09-14 11:29:19,2018-04-16 23:03:09,47.39,50,horista
862,2021-02-07 20:16:05,2017-06-21 21:51:51,242.17,60,mensalista
863,2016-04-20 23:11:13,2016-04-21 01:11:13 UTC,100.06,64,mensalista
864,2018-07-30 02:50:21,2017-12-17 16:29:35,240.77,11,horista
865,2016-04-08 10:50:10,2016-04-08 12:50:10 UTC,128.09,64,horista
866,2017-01-18 20:31:36,2017-01-18 22:31:36 UTC,260.80,53,mensalista
867,2017-11-25 13:14:34,2017-11-25 15:14:34 UTC,212.61,78,mensalista
868,2016-04-11 15:32:39,2015-11-12 01:15:46,224.47,91,horista
869,2019-05-27 16:52:01,2017-04-01 23:30:31,108.06,3,mensalista
870,2017-11-18 02:45:19,2017-11-18 04:45:19 UTC,51.66,23,mensalista
871,2020-01-03 16:53:31,2020-01-03 18:53:31 UTC,163.44,52,horista
872,2020-09-14 10:28:41,2019-10-24 02:34:26,180.27,64,mensalista
873,2019-03-11 01:57:20,2017-01-22 06:28:19,245.07,65,mensalista
874,2017-05-12 06:59:08,2016-11-26 16:55:20,238.23,88,horista
875,2018-06-15 10:56:06,2018-06-15 12:56:06 UTC,203.40,30,mensalista
876,2017-12-11 02:19:04,2017-12-11 04:19:04 UTC,271.45,85,mensalista
877,2016-03-20 08:15:57,2015-08-14 19:12:07,221.72,25,horista
878,2020-02-22 02:12:23,2018-08-16 03:14:48,126.61,60,horista
879,2016-10-23 04:27:53,2016-10-23 06:27:53 UTC,163.38,27,horista
880,2018-04-18 14:13:43,2018-03-23 15:41:13,299.47,95,horista
881,2015-12-22 06:11:16,2015-07-06 20:43:52,161.94,10,mensalista
882,2018-09-04 17:11:02,2016-03-12 05:49:20,246.95,91,horista
883,2022-04-11 17:27:30,2022-03-14 22:08:05,181.62,63,mensalista
884,2018-11-11 05:18:26,2018-11-11 07:18:26 UTC,208.95,46,horista
885,2019-05-10 07:56:50,2019-05-10 09:56:50 UTC,137.13,38,horista
886,2016-09-06 06:37:15,2016-09-06 08:37:15 UTC,161.57,76,horista
887,2018-07-25 01:35:14,2015-07-04 14:04:19,263.23,23,horista
888,2019-07-22 02:32:13,2019-07-22 04:32:13 UTC,84.74,45,horista
889,2020-11-09 22:27:52,2020-04-01 01:31:50,57.52,35,horista
890,2016-08-25 10:19:17,2016-08-25 12:19:17 UTC,125.60,15,mensalista
891,2018-12-21 11:06:03,2018-12-21 13:06:03 UTC,221.02,89,horista
892,2017-04-17 08:12:37,2017-04-17 10:12:37 UTC,62.74,55,horista
893,2019-07-03 07:15:39,2019-06-08 11:03:27,96.75,65,mensalista
894,2019-03-17 11:36:37,2015-12-04 05:35:45,292.28,98,mensalista
895,2021-03-18 19:14:12,2018-10-10 00:48:43,82.09,10,horista
896,2019-04-24 23:39:36,2019-04-25 01:39:36 UTC,136.31,7,mensalista
897,2017-07-03 15:48:52,2017-07-03 17:48:52 UTC,276.25,60,horista
898,2020-11-12 07:37:03,2018-08-12 18:39:42,282.32,46,mensalista
899,2016-11-01 19:26:15,2016-11-01 21:26:15 UTC,143.99,65,mensalista
900,2018-02-10 09:31:32,2018-02-10 11:31:32 UTC,203.14,79,horista
901,2020-10-09 04:02:59,2020-10-09 06:02:59 UTC,222.89,45,horista
902,2017-08-29 18:34:57,2017-08-29 20:34:57 UTC,243.04,76,horista
903,2019-05-14 07:19:37,2019-05-14 09:19:37 UTC,225.39,67,mensalista
904,2021-07-30 22:33:15,2020-01-11 22:52:56,281.47,49,mensalista
905,2020-10-25 18:50:19,2015-12-18 22:20:44,44.08,53,mensalista
906,2017-04-11 19:48:38,2017-04-11 21:48:38 UTC,266.57,10,horista
907,2015-08-28 07:43:19,2015-08-28 09:43:19 UTC,173.67,11,mensalista
908,2016-12-14 06:20:12,2016-12-14 08:20:12 UTC,61.89,46,mensalista
909,2017-07-14 09:25:48,2017-07-14 11:25:48 UTC,288.01,49,horista
910,2016-01-02 16:14:57,2016-01-02 18:14:57 UTC,297.59,15,mensalista
911,2021-12-15 21:59:02,2021-05-08 17:54:33,91.22,73,horista
912,2021-05-30 18:20:18,2016-09-21 06:54:04,78.69,85,mensalista
913,2018-03-25 03:56:35,2017-08-16 06:02:31,84.35,100,horista
914,2018-12-08 09:09:23,2018-12-08 11:09:23 UTC,127.43,43,mensalista
915,2019-10-03 05:49:07,2015-07-17 05:44:56,187.19,89,mensalista
916,2020-08-22 11:15:52,2019-12-28 04:23:36,257.47,66,horista
917,2020-01-03 04:24:44,2016-05-25 01:05:46,131.90,9,mensalista
918,2018-11-28 14:26:09,2015-12-15 01:09:07,148.44,33,mensalista
919,2016-07-08 22:33:09,2016-07-09 00:33:09 UTC,142.01,24,mensalista
920,2022-03-12 18:38:50,2019-03-18 03:06:17,271.30,13,horista
921,2015-05-05 12:39:32,2015-05-05 14:39:32 UTC,32.05,44,mensalista
922,2020-01-30 01:31:58,2017-01-21 14:54:03,187.93,57,mensalista
923,2018-03-18 13:30:27,2016-10-03 23:14:54,269.92,62,horista
924,2019-08-15 08:33:16,2019-03-08 09:57:31,156.19,68,horista
925,2019-06-19 06:52:54,2016-04-03 06:48:22,129.30,60,mensalista
926,2018-04-17 17:55:15,2017-11-26 01:15:00,89.82,46,mensalista
927,2017-05-04 01:40:09,2017-05-04 03:40:09 UTC,79.33,69,horista
928,2022-02-15 07:22:52,2022-02-01 04:08:26,264.63,81,mensalista
929,2019-05-24 03:35:06,2019-05-24 05:35:06 UTC,74.42,22,horista
930,2020-02-28 00:10:27,2020-02-28 02:10:27 UTC,150.10,15,horista
931,2021-03-25 22:17:54,2019-11-04 03:01:59,263.95,99,horista
932,2018-08-04 15:33:53,2018-05-20 02:52:41,174.75,4,mensalista
933,2016-02-13 23:14:18,2016-02-14 01:14:18 UTC,286.61,41,mensalista
934,2018-09-14 05:54:29,2015-10-06 14:38:05,145.65,56,mensalista
935,2016-03-22 22:22:53,2016-03-23 00:22:53 UTC,140.10,48,mensalista
936,2017-11-02 00:54:23,2015-10-05 17:12:14,173.20,59,mensalista
937,2020-11-04 09:13:36,2020-03-22 02:21:15,62.78,71,horista
938,2016-04-19 09:37:28,2016-04-19 11:37:28 UTC,54.99,49,horista
939,2021-10-04 21:41:46,2016-08-09 03:34:31,281.30,60,horista
940,2020-04-28 04:04:07,2020-04-28 06:04:07 UTC,202.13,85,horista
941,2017-05-06 07:47:47,2017-05-06 09:47:47 UTC,234.12,57,mensalista
942,2017-06-01 03:26:08,2017-06-01 05:26:08 UTC,44.58,33,horista
943,2018-01-18 15:25:09,2018-01-18 17:25:09 UTC,160.98,94,horista
944,2018-10-21 11:29:17,2016-09-26 19:47:14,250.69,25,horista
945,2020-02-27 02:10:43,2016-08-01 08:51:53,181.38,13,horista
946,2019-10-28 00:44:26,2018-08-31 23:54:40,225.12,39,horista
947,2016-10-12 00:57:18,2016-10-12 02:57:18 UTC,121.99,77,mensalista
948,2017-09-22 05:19:28,2017-09-22 07:19:28 UTC,116.50,60,mensalista
949,2019-02-07 11:46:53,2016-04-01 00:30:01,105.11,41,mensalista
950,2018-10-24 01:19:40,2015-06-04 17:52:04,254.85,48,horista
951,2017-10-01 04:58:48,2017-10-01 06:58:48 UTC,190.83,12,horista
952,2017-02-04 17:20:09,2016-04-06 17:37:34,131.25,31,horista
953,2021-02-04 16:50:50,2017-08-26 03:19:18,252.68,42,horista
954,2021-01-24 23:04:56,2015-12-29 10:01:46,81.99,17,horista
955,2020-05-08 10:08:05,2020-05-08 12:08:05 UTC,224.39,97,horista
956,2021-07-19 22:30:59,2020-02-25 13:38:28,75.16,24,mensalista
957,2016-04-28 10:05:50,2016-04-28 12:05:50 UTC,51.81,75,horista
958,2020-09-10 05:14:22,2020-09-10 07:14:22 UTC,123.13,85,mensalista
959,2022-02-04 04:21:49,2019-10-08 14:45:58,245.95,4,horista
960,2017-05-06 04:28:58,2017-05-06 06:28:58 UTC,290.42,78,mensalista
961,2021-08-20 05:32:38,2019-03-11 10:06:58,154.68,63,mensalista
962,2020-02-10 18:48:20,2020-02-10 20:48:20 UTC,197.67,80,horista
963,2021-03-27 16:09:25,2018-07-04 20:24:44,188.60,30,horista
964,2015-09-29 15:13:21,2015-09-29 17:13:21 UTC,93.75,63,mensalista
965,2021-10-14 02:02:07,2018-08-03 23:34:37,219.80,7,mensalista
966,2016-10-15 14:19:00,2016-10-15 16:19:00 UTC,60.12,6,horista
967,2017-11-14 00:07:29,2017-11-14 02:07:29 UTC,63.17,53,horista
968,2016-12-13 04:35:53,2016-09-10 04:00:35,179.86,95,horista
969,2019-12-26 13:14:23,2019-12-26 15:14:23 UTC,240.86,79,mensalista
970,2019-05-25 11:32:50,2018-02-03 06:21:22,75.53,23,mensalista
971,2015-06-29 05:51:11,2015-06-29 07:51:11 UTC,65.93,14,mensalista
972,2017-09-30 02:06:17,2017-09-30 04:06:17 UTC,287.08,40,mensalista
973,2018-09-26 00:40:09,2018-09-26 02:40:09 UTC,237.32,19,mensalista
974,2018-12-25 13:30:12,2018-12-25 15:30:12 UTC,227.45,50,horista
975,2019-06-04 23:08:21,2019-06-05 01:08:21 UTC,287.55,78,mensalista
976,2015-11-30 17:07:37,2015-11-30 19:07:37 UTC,299.44,20,mensalista
977,2015-07-01 05:00:40,2015-07-01 07:00:40 UTC,69.96,5,mensalista
978,2016-03-30 01:39:29,2016-03-30 03:39:29 UTC,241.35,11,horista
979,2021-03-18 04:20:52,2018-04-27 11:52:29,299.49,34,horista
980,2017-12-08 04:37:03,2016-03-02 13:40:28,273.81,48,mensalista
981,2020-09-24 02:23:28,2020-07-06 09:48:59,141.21,10,mensalista
982,2020-01-07 10:12:31,2017-06-20 08:34:11,224.18,86,mensalista
983,2019-11-16 01:52:13,2015-08-17 11:43:21,106.59,3,horista
984,2020-12-02 22:10:55,2017-03-28 08:58:07,186.21,47,mensalista
985,2016-02-15 08:45:23,2016-02-15 10:45:23 UTC,126.65,83,horista
986,2021-07-23 04:19:29,2020-11-14 12:53:16,284.38,46,mensalista
987,2016-02-14 17:04:30,2016-02-14 19:04:30 UTC,149.21,85,mensalista
988,2017-05-04 19:23:17,2017-04-23 00:45:06,140.27,32,horista
989,2021-07-15 06:38:55,2019-12-05 03:09:56,174.75,30,horista
990,2018-12-20 02:16:09,2018-12-20 04:16:09 UTC,162.75,49,horista
991,2017-10-01 21:57:10,2017-10-01 23:57:10 UTC,270.97,60,horista
992,2020-07-25 01:44:18,2020-07-25 03:44:18 UTC,149.96,13,horista
993,2016-05-16 20:29:23,2016-05-16 22:29:23 UTC,213.25,25,mensalista
994,2019-10-15 20:25:23,2019-10-15 22:25:23 UTC,290.61,28,horista
995,2019-09-12 09:48:50,2015-08-26 10:23:56,281.43,79,horista
996,2017-02-22 16:50:17,2017-02-22 18:50:17 UTC,261.24,94,mensalista
997,2016-10-20 19:49:26,2016-10-20 21:49:26 UTC,137.16,5,horista
998,2015-06-18 02:34:47,2015-06-18 04:34:47 UTC,65.30,73,horista
999,2015-07-29 23:28:24,2015-07-30 01:28:24 UTC,130.03,6,mensalista
1000,2015-08-09 20:44:55,2015-08-09 22:44:55 UTC,99.78,79,horista