id,placa,cliente_id,cor_id,estacionamento_id,modelo_id
1,KL4CJASB6EB450661,925,6,27,826
2,5N1AN0NW9EN443322,514,8,93,85
3,SAJWA1CB4CL986261,900,6,4,758
4,1G6AE5SX5D0325734,697,19,76,565
5,1FBAX2CM9FK573648,724,7,96,619
6,3D73Y3CL0BG715247,481,15,34,918
7,5UXFG8C56CL566659,855,7,72,246
8,1G6AS5S32E0370654,277,16,64,125
9,KNAFX6A86F5379852,360,11,6,142
10,1G6D05EG5A0898121,59,12,71,431
11,WAUVC68E93A367510,722,15,82,79
12,5UXFB53515L129278,472,6,34,252
13,1GT01XEG8FZ980349,116,15,11,914
14,JTHBE1KS6B0807722,514,14,96,991
15,2T1KE4EE5AC403713,843,8,11,71
16,1N6AA0EK6FN692589,435,11,22,685
17,1G4GE5G30FF446096,775,14,91,447
18,WAUPL68E24A927832,361,10,24,251
19,WAUPEBFM3CA887885,243,5,91,672
20,3GYFK66N14G264575,26,1,70,667
21,1GD220CG2CZ042421,454,10,95,798
22,JM1GJ1T52E1958003,498,1,64,771
23,5XYZT3LB5FG371381,781,9,14,944
24,1FMJK1H53EE049569,715,7,9,673
25,WAU2MAFC4EN267315,747,9,90,812
26,3C63DRLL4CG509138,904,2,90,155
27,1G4GC5EG5AF404138,579,19,56,65
28,YV4952BL2E1309415,285,9,43,368
29,WBAPK5G50BN913903,756,4,43,715
30,WA1DGAFP5EA825762,660,17,87,927
31,WAUVT68EX5A111556,933,17,35,579
32,WAULV94E09N474858,979,9,84,623
33,WAUPFAFM3AA913115,547,2,40,355
34,1G6DF5EG7A0332542,967,11,90,549
35,JH4CU2F87CC654554,580,18,20,837
36,JHMZF1C64CS836803,467,17,11,759
37,1FTEW1CM0EF641353,234,1,83,37
38,JN1AZ4EH8DM275181,538,5,42,754
39,3D73Y3CL1AG317351,183,12,52,345
40,3D7JV1EP2BG405296,564,5,18,284
41,5GALRAED8AJ613260,592,14,74,679
42,SCFAB423X2K221126,365,1,87,917
43,WP0AA2A90FS790939,983,12,2,339
44,3VW467AT5DM641856,759,5,85,367
45,5J6TF1H37CL945122,85,14,25,786
46,WVWAB7AJ6CW253629,592,12,14,13
47,KNAGN4AD7F5611998,62,4,81,282
48,2T1BURHE9EC100001,242,16,79,951
49,3MZBM1K76FM072787,903,7,68,316
50,WAUDFAFC3CN671173,282,17,4,879
51,ML32A3HJ6FH636228,631,19,47,376
52,WAUJC58EX2A622642,546,15,9,495
53,JH4KA96683C515738,748,19,72,178
54,1D7RW3BK8BS497379,612,14,93,371
55,WAUML44D63N000439,538,3,25,842
56,1C6RD6LP1CS241041,125,10,95,687
57,1N6AA0EC2DN281275,972,10,84,578
58,WAUFMBFCXEN214822,824,11,53,587
59,WA1VKBFP7AA332099,614,6,60,855
60,JH4CU2F60BC796693,540,4,13,449
61,1G6DP1E3XD0900404,358,13,3,492
62,KMHTC6AD5DU094086,2,1,33,533
63,1G6AT5SX7E0781869,177,14,1,894
64,WBAVC735X7K662306,365,6,27,115
65,3C63DRNL7CG185633,769,18,40,668
66,WAUKFAFL6CA534548,602,10,66,814
67,1FTFW1E85AF319581,287,11,65,632
68,1GT01ZCG7CF512351,216,3,78,576
69,1G6AH1RX6F0853582,726,2,67,964
70,5N1AR1NB9BC114182,349,3,93,843
71,19VDE3F31EE308646,708,6,34,962
72,1B3CB8HB9BD494576,118,11,42,945
73,JTEBU5JR1D5285531,516,1,99,796
74,2T2BK1BA4CC031174,398,19,90,748
75,5TDBKRFH2FS321502,896,2,78,12
76,1D7RV1GP3BS110989,205,18,54,819
77,KL4CJCSB4FB885949,350,15,75,253
78,1FMJK1H5XDE887077,179,2,60,17
79,JN1BV7AP2FM395009,783,18,78,679
80,3D7LP2ET1BG143745,111,7,88,197
81,WDDGF4HB2CR678068,242,14,88,728
82,JM1DE1HY1B0778698,295,11,36,734
83,JN8AF5MR5FT553683,53,16,45,811
84,JTDKTUD36ED402388,515,13,93,227
85,JM1GJ1T54F1583751,231,16,24,81
86,WA1YD64B95N219937,95,15,90,891
87,2G4GT5GR1D9901120,731,18,2,994
88,1GD02ZCG8EF409970,228,19,11,783
89,JN8AE2KP7E9214440,552,5,96,17
90,WAUUL78E85A076632,337,3,78,51
91,3VW4A7AT7CM926538,61,4,78,243
92,1FTMF1EW0AK395576,297,11,11,614
93,3N1AB7AP9FL684550,105,2,67,489
94,1G6DL8E39D0805207,97,9,47,455
95,1G6DP577360633598,21,19,16,247
96,5N1AN0NU9CN966433,401,19,27,931
97,JH4KC1F36EC568118,29,6,63,627
98,SCBZK25E73C131322,869,4,73,694
99,WAUJT58E63A388940,716,4,70,261
100,1G6DM8EG3A0954322,338,2,24,21
101,3C4PDCBB0FT654155,9,15,34,123
102,2G4WF521041962929,24,18,74,146
103,1G4HR54K34U808970,749,18,63,552
104,JM1NC2LF9D0374265,274,13,56,826
105,WAULT58E73A043862,187,7,75,29
106,WAUGL58E95A635736,85,8,80,815
107,WBAGN63403D253895,962,17,11,911
108,WBA3B3C51EJ525972,886,5,59,431
109,1FTEW1C89FF272769,971,15,13,569
110,JTEBU5JRXF5035479,52,2,65,517
111,WAUAT48H54K824547,745,5,94,671
112,1N6AF0LY7FN413241,598,19,75,935
113,1N6AF0KX2FN520397,86,9,24,331
114,JTHBK1GG8F2547637,205,6,96,797
115,WAUDL54F25N566124,167,18,97,848
116,3VW4A7AT2DM652053,193,8,99,235
117,KL4CJESB2EB801752,182,9,31,415
118,SCFEBBCF4CG972807,571,11,36,926
119,1FBAX2CM3FK147549,919,19,89,827
120,KMHTC6AD5DU434997,34,4,11,787
121,4A4JM2AS1BE305915,50,9,85,177
122,WAUDF98E96A723124,34,9,24,572
123,JH4CW2H6XCC341388,650,4,38,625
124,WAURFAFR4CA506363,218,19,48,737
125,WP0AB2A81CS751941,481,5,39,963
126,1D7RW3BK3BS864978,762,15,87,475
127,3N1CN7AP7EK178638,486,11,87,61
128,1G4HE5EMXAU439175,6,6,71,341
129,JN8AS5MTXAW336743,698,7,30,423
130,3FAHP0CG7BR040401,377,1,23,926
131,WAUKF78E95A581285,401,2,20,569
132,KM8NU4CC1AU025180,567,15,70,315
133,SALVP2BG8FH143322,899,12,42,786
134,JM1NC2JF8E0035484,618,14,3,543
135,JM3KE2BE0D0473859,4,17,1,971
136,WBADX1C57BE348486,82,15,92,879
137,JN1CV6EK6DM343702,202,11,88,413
138,WBA6B2C59FG729019,831,18,98,481
139,WBAWL73539P645924,125,1,55,771
140,WP0CA2A8XDS900439,946,13,28,623
141,3VW517AT7EM273569,835,2,55,256
142,1FTMF1EW8AK040008,147,5,35,873
143,WAUDH98E68A845646,263,3,68,756
144,1G4GB5GR0EF167775,667,5,61,411
145,WAUSF98K09A765487,333,13,63,822
146,19UUA56972A322537,167,6,91,171
147,5FPYK1F2XEB348075,475,6,25,663
148,JH4CU2F80DC943356,447,7,14,644
149,1YVHZ8BA3A5520110,556,1,38,656
150,WBASN4C59BC393763,52,5,20,627
151,WBANA535X5B565629,526,8,36,274
152,WAUAFAFC9CN051477,586,3,30,312
153,5N1AA0NC8AN751741,73,1,6,295
154,WDDHF2EB8BA161643,289,13,44,57
155,5N1BA0NE2FN651602,187,15,97,911
156,JTDZN3EUXE3590154,576,18,34,394
157,1G4GD5EG2AF350973,471,13,70,981
158,4JGBB2FB2BA252610,765,7,59,31
159,19UUA65515A727186,288,4,7,457
160,1GD312CG4EF939960,180,17,19,147
161,3C4PDDDG9FT072800,815,13,9,162
162,1N4AB7AP6EN551682,902,3,61,147
163,1ZVBP8AM8D5277540,514,18,23,383
164,WAUAC48H75K819741,372,13,88,239
165,WBAVS13577F236310,673,3,3,689
166,3D7TT2HT8AG581488,53,4,47,11
167,JM1GJ1U58F1084157,528,7,6,851
168,1GYS4HEF9DR617482,749,10,2,935
169,3C6TD5NTXCG483814,596,6,62,912
170,WA1DGAFP8DA569440,701,2,4,315
171,1D7CE3GK8AS215483,369,2,1,372
172,1B3CB3HA9BD389997,30,19,25,821
173,JN8AF5MV1FT327833,785,5,76,923
174,JN1AZ4EH6AM834433,291,1,35,221
175,JM1CW2CL5F0361651,132,7,5,487
176,2C3CDXDT8CH564708,199,16,40,54
177,JN1AZ4EH3AM856468,729,3,49,762
178,19XFA1E87BE738867,887,6,72,894
179,WDDGF4HB6DF549091,3,12,30,537
180,JH4DC53845S162960,803,4,72,41
181,WBA5A7C5XFG642449,352,11,73,352
182,1G6DP577360649137,715,16,22,493
183,WBA3T7C59FP223008,661,14,6,682
184,5N1AN0NU9EN458210,560,2,27,919
185,JN1BY0ARXAM216689,598,10,30,486
186,WAUKH74F27N320049,624,14,84,467
187,1GD312CG8EF019071,66,17,48,7
188,WBAFA53501L900888,640,10,79,368
189,JTHBL1EF0E5586078,2,18,33,931
190,WBAGK93491D997387,857,16,90,598
191,WAUMK78K69N079553,328,1,39,197
192,WBA3G7C56FK885596,998,7,34,944
193,3C63DPNL2CG352226,378,6,80,818
194,SAJWA4DC1DM681580,685,13,1,368
195,WBAEU33412K228393,449,11,51,993
196,SAJWA4EB0EL451249,723,16,4,871
197,1N6AA0ECXDN964955,230,14,9,445
198,1G6D05EG0A0244725,901,8,93,323
199,3D7TP2CTXBG096041,901,13,26,817
200,WBADW3C51DE731342,137,16,93,137
201,WAUGL78E48A815562,86,6,7,626
202,SCFAB22353K679453,242,13,48,713
203,1FTFW1E82AF510682,559,11,84,951
204,WAUDN94F98N922025,825,17,87,148
205,WBAKA4C52CC998057,317,7,22,9
206,1GKKRNED7CJ594001,801,13,68,247
207,1G6DK8E34D0951646,629,3,91,771
208,2G4GN5EXXF9313148,242,6,63,168
209,JN8AE2KP7B9988408,243,13,40,761
210,JTHBF1D21F5796888,942,1,48,585
211,2HNYD18695H168271,58,4,95,786
212,SALAB2D48CA965722,693,8,56,26
213,2C3CCADG8EH718730,931,1,68,242
214,W04GY5GV3B1004847,869,14,13,488
215,1YVHZ8BH2B5124846,185,19,11,727
216,WBANU53539C320999,62,9,3,27
217,2C4RDGBG8DR831286,438,2,79,372
218,WBA3B1C56DF824007,389,15,16,771
219,WAUHF78P68A431344,930,13,31,411
220,2V4RW3D11AR918427,319,11,70,839
221,WAUBGBFC9CN977448,69,2,37,411
222,1GD020CG7DZ536685,731,17,49,571
223,1GYEK63N14R623908,587,17,28,772
224,2G4GU5GV9D9533666,792,14,40,865
225,WVWED7AJ7AW394122,895,6,12,66
226,NM0KS9BN9CT835885,212,19,4,75
227,SCBZK25E93C214850,900,13,95,185
228,1N6BF0KM1FN310156,902,10,90,489
229,YV1902FH7D1734273,665,3,20,562
230,1FTWW3B52AE378258,447,12,88,374
231,1FAHP3EN0BW160678,689,4,4,17
232,WBAYM1C59DD194043,964,13,46,837
233,SAJWA4EC1EM433782,543,13,77,624
234,JTHBK1GG7F2151148,297,2,48,498
235,1GYS4AKJ5FR733457,296,19,30,198
236,3C4PDDEGXDT568586,446,10,57,723
237,JH4KB16697C820296,601,14,67,469
238,WAUEFAFL3CN771875,74,5,96,348
239,KNAFU6A2XB5685810,96,9,20,91
240,2G61R5S37D9678872,662,16,27,312
241,JHMFA3F21BS120543,324,6,23,812
242,2D4RN5DG9BR429906,601,8,37,519
243,WBAYE8C58ED008192,594,16,25,913
244,3C6JR6CT4DG698074,295,9,66,846
245,WAUSH78E37A990282,899,4,17,181
246,WVGFG9BP1BD107389,802,15,73,789
247,WA1WMBFE7DD433904,326,15,60,387
248,3GTU1YEJ3DG770063,896,15,8,241
249,1GYFK16249R935611,812,18,35,815
250,1G6DS57VX90078327,717,3,33,391
251,4T1BF1FK4EU126816,938,6,30,68
252,1N6AF0LY5FN873904,71,9,89,813
253,3D73Y3CL5BG777713,827,15,20,992
254,SALVN2BG2FH763735,471,3,36,49
255,WAUKFAFL2EA623519,774,4,28,217
256,SAJWA4EC0FM997313,277,12,28,865
257,JTHBK1GG6F2434253,609,15,16,745
258,1D7RB1GP5BS865859,504,11,31,632
259,WDCYC3HF5DX257960,840,7,27,791
260,1B3AZ6JZ1AV166219,12,8,64,11
261,1G6AH5R33F0853415,896,18,58,638
262,5N1AA0NE9FN090990,87,2,37,8
263,3VW1K7AJ4EM750159,809,8,7,636
264,1FTWX3B58AE544022,332,8,92,511
265,WVWED7AJ9DW335688,482,16,53,57
266,WVWED7AJ5DW903645,992,8,13,448
267,3C63DRBL1CG773757,325,5,40,395
268,WAUMGBFL4DA588394,913,11,78,339
269,JN1CV6EK8BM556745,25,1,19,214
270,WBAEH13507C668687,653,17,96,542
271,W04GW5EV3B1828825,176,19,85,141
272,1YVHZ8BH0C5237230,496,10,21,954
273,2G4WE587061311740,414,16,84,695
274,1G6KP5E92AU958188,544,7,78,711
275,WAUAH78E86A402600,162,19,19,311
276,WBADS33482G932921,815,1,69,88
277,2LMHJ5FK9FB527368,577,4,58,174
278,2HNYD2H48CH218059,213,14,95,921
279,WBA3R1C57EK590335,877,5,88,7
280,WBAVB73547F269185,61,11,85,311
281,4USBU53586L570783,298,1,57,299
282,WAUNF78P48A581262,775,14,55,291
283,3C6JD6AK9CG272663,273,5,87,371
284,SALVN2BG5EH992571,797,1,87,2
285,TRUWT28N421224212,372,16,10,399
286,1FTSX2B52AE989008,231,11,88,617
287,JA32U1FUXDU437255,226,6,20,22
288,1FTEW1CM9CF924248,228,10,70,391
289,SAJWA6AT0F8121187,494,9,2,338
290,1FMJK1G58DE100385,11,12,11,47
291,4T1BF3EK7BU558986,720,7,52,316
292,5UXWX5C57CL746246,839,4,1,777
293,1GD11ZCG8BF339129,390,9,12,495
294,1D7RV1CT9BS289591,83,8,52,495
295,1FMJK1H59CE276990,13,4,14,991
296,SCFAD05D79G024077,377,1,41,765
297,2T1BURHE9FC699385,184,13,14,494
298,1GYFK46868R404253,917,16,44,613
299,1N6AF0KX6EN021987,571,6,33,716
300,3VWJP7AT4CM101414,921,12,89,241
301,SCFEBBCF7CG736720,667,1,38,942
302,JM1NC2EF9A0320635,138,9,28,485
303,2HNYD2H88CH131930,333,8,35,887
304,WAUDFAFL1FN247706,60,11,55,787
305,WAUML44D92N583264,309,18,40,936
306,WAUVC68E64A888833,349,3,13,616
307,JTDBT4K34A1025171,988,6,46,291
308,5N1AN0NU9DN799475,213,14,89,52
309,SAJWA4DC9FM605124,872,3,40,841
310,WVGAV3AX2EW476527,584,1,43,311
311,WAUEV74F78N977758,820,11,87,413
312,JN8AS5MT0AW487946,52,10,50,675
313,2T3BFREV6FW766979,926,19,8,732
314,WAUCFAFH2EN677444,424,6,15,762
315,2C4RDGCG0CR352048,330,16,20,839
316,1G6DG8E52D0880742,365,6,36,413
317,1FTEX1EW9AF821971,808,3,51,216
318,SCBBB7ZH3EC512414,558,8,51,657
319,4T1BD1FK9EU360603,835,9,14,551
320,1GYFK66828R117357,842,12,43,461
321,SCBGH3ZAXFC363520,598,6,44,654
322,JH4CU4F66CC488201,457,7,45,496
323,4A31K5DF7CE661362,54,15,86,688
324,5N1AN0NW7DN441079,21,13,13,177
325,WDDEJ7GB1BA431078,114,4,100,273
326,1GD21ZCG5BZ143152,810,10,36,373
327,JTDKTUD37DD885792,296,16,81,59
328,1GYS3GKJXFR318219,946,17,45,119
329,WAU3GAFD7FN814907,172,5,11,661
330,WA1CFAFP2FA497927,721,18,11,345
331,3VWML7AJ9CM576516,827,6,47,652
332,4T1BF1FK3DU076697,217,12,47,591
333,WAUBG78E56A694231,60,13,84,249
334,WAUEFAFL1AN588052,505,15,87,71
335,1FMEU8FE7AU600853,199,3,21,231
336,JTHBB1BA0B2521921,968,11,42,969
337,3VWAL7AJ1AM613283,797,2,55,531
338,WAUAF78E65A993689,101,3,59,912
339,JM1BL1K57B1624700,176,14,55,747
340,SCFFDABM9DG430371,303,14,36,614
341,1G6KE57Y11U432628,691,11,26,451
342,WAUDF68EX5A740589,164,2,86,177
343,JTJBJRBZ2F2939277,723,18,85,754
344,WBAVM5C58EV695141,384,10,69,7
345,1HGCP2F34AA066344,883,15,55,661
346,1FTEX1EWXAF089317,778,12,81,631
347,TRUSC28N921766419,668,6,34,76
348,YV4952CZ7E1836255,575,10,68,196
349,JTJBM7FX2A5656342,53,9,24,352
350,JN8AF5MR6FT160288,392,8,93,192
351,1C3BCBGG6CN901755,181,14,99,248
352,WBAFR1C52BD046564,456,13,81,255
353,WVWAB7AJ4DW914351,558,17,41,317
354,WAUDV74F27N850698,908,5,85,254
355,1FMEU3BEXAU080592,911,1,54,611
356,WAUDK78T69A711130,204,11,47,421
357,3G5DA03E62S429670,87,15,62,551
358,2G4G15GV0B9896377,574,10,67,281
359,3D7JB1EP7AG552933,430,10,50,934
360,WVWED7AJ3AW029226,900,13,88,413
361,WBAYB6C53FD216365,995,4,28,659
362,2HNYD28788H199823,551,11,72,466
363,3C6TD5KT4CG549312,460,13,86,743
364,4T1BF1FK0EU352822,305,14,64,199
365,1C4AJWAG7FL240203,648,9,72,911
366,JH4NA12641T958986,338,19,59,947
367,WA1WMBFE1DD440444,981,1,80,667
368,1D4PT2GK7BW288868,885,7,62,511
369,NM0KS7DN8AT389016,989,3,89,946
370,5J8TB3H55EL300505,553,17,69,987
371,5TDBKRFHXES315283,368,9,15,392
372,19VDE1F71EE484930,766,5,76,847
373,KNAFX5A83E5343500,865,3,2,726
374,1GD02XEG8FZ390077,755,9,30,517
375,WAUKH98E78A664823,165,6,30,792
376,1G6DU6ED9B0640802,85,19,88,196
377,3TMJU4GN2AM608621,324,10,19,974
378,1GD12YEG3FF780421,188,4,95,435
379,1C4SDHCT2DC394445,163,3,28,886
380,WBA5M2C52ED845054,278,2,62,949
381,SCFFDAAE5BG391821,678,10,6,6
382,3N1AB7AP4FL375522,971,2,20,912
383,JH4CW2H55BC748637,305,14,45,291
384,5N1AL0MM4FC836633,937,12,67,618
385,WBA3G7C57FK092078,21,12,55,412
386,WAUKG74F66N868184,178,14,83,146
387,WDDJK7DA1DF543408,382,14,74,641
388,1G4GL5G36DF542494,147,4,6,841
389,WA1VMBFE6AD488013,534,17,96,268
390,1GYFK66847R129041,254,17,51,462
391,KMHTC6AD3DU739902,656,11,31,185
392,1GKS1HE05BR556143,139,8,97,697
393,WAUXL58E45A748199,201,16,40,263
394,3VW8S7AT4FM409510,230,15,71,715
395,WAUFFAFM5AA021069,985,10,42,81
396,5GALRBED0AJ933999,532,6,53,839
397,3GYT4NEFXCG196695,928,9,99,43
398,1GYS4JEF1ER393066,844,2,8,835
399,1VWAH7A39CC625303,206,9,42,411
400,WP0CA2A83FS261792,952,14,7,299
401,WDDGF4HB4EA557513,624,10,58,652
402,WAUGFAFR4BA924508,24,14,24,426
403,1GKKRNED5BJ022438,346,2,23,896
404,WAULV44E77N847149,939,19,28,568
405,WAULC68E43A740959,212,19,66,568
406,WAUHFAFL3FN511333,1,3,49,219
407,1FAHP2DW0AG970745,144,11,65,166
408,WDDDJ7CB6BA512868,733,2,45,271
409,WP0CA2A89CS831144,185,3,14,826
410,WAUEFAFL6CA188658,74,18,96,715
411,WBA3V9C51FP595304,295,13,72,549
412,WAUVT58E35A051839,902,8,77,713
413,YV4902BZXB1371062,886,3,39,148
414,1GD02ZCG4CZ844416,668,15,51,999
415,1FTMF1CW3AF888129,70,16,76,357
416,1G6DM56T250351216,269,2,98,316
417,WBAWL73577P603513,610,16,42,854
418,WBAWV53569P807530,773,3,30,573
419,WAUPL58E95A960760,76,19,67,439
420,WAUMF78K59N239698,221,14,19,761
421,WUARL48HX6K186016,542,18,24,911
422,WBSWL93559P419892,556,9,64,184
423,1C6RD6NT7CS965536,293,3,45,797
424,1N6AD0CWXEN335587,95,12,91,793
425,WBAGL83594D850524,876,15,19,284
426,WAUHFAFL2EN773634,119,8,33,747
427,WAURFAFR1EA578883,767,3,75,942
428,JTHBL1EF2E5787819,464,11,88,881
429,WAUWFAFR7BA995570,331,15,21,791
430,1GKUCGEJ8AR999150,290,6,73,262
431,JTHBE1BL0D5048001,202,12,86,332
432,WUAUUAFG6CN050511,762,14,36,182
433,WA1WGAFP3EA521371,742,5,40,341
434,1G6AB5SX5D0111786,990,17,84,332
435,WBAUU3C57BA357037,856,9,62,494
436,1B3BD2FB0BN794989,607,1,92,492
437,1G6DN56S350314471,402,2,4,968
438,WDDGF4HB1ER090200,182,7,28,422
439,3VWJX7AJ1AM649026,709,15,61,613
440,1N6AA0EK5FN131526,733,17,98,463
441,1G6DF577X90528208,105,15,6,129
442,WBAKB0C59AC519782,652,14,24,293
443,WA1YD64B62N358905,231,10,26,259
444,1N6AD0CU2CN450616,874,16,100,127
445,WBA3C3C51FK019647,482,8,45,575
446,5BZAF0AA8FN863425,500,9,77,177
447,3D7TT2HT3BG974414,55,14,37,671
448,2HNYD2H85CH845529,578,17,72,835
449,3D7TP2CTXAG372202,456,14,75,467
450,JN1CV6AP7AM898624,5,3,61,274
451,WDDHF0EB8EB158289,376,5,79,237
452,WBXPA73474W286101,750,12,20,359
453,1G6D25EY5B0327362,334,14,78,341
454,WP0AA2A92AS672285,136,12,31,979
455,WAUKH78E36A257180,40,3,38,278
456,1FBNE3BLXAD579994,104,10,14,815
457,JTEBU5JR3C5286128,645,4,53,276
458,WBAUC9C54DV542700,920,17,81,513
459,1FTWW3B58AE123470,707,10,46,323
460,4A37L3ET4AE577674,681,8,14,718
461,1G6DV57V080240200,830,8,68,412
462,WAUJT54B34N821877,754,8,45,769
463,JTDKN3DU0A0859096,222,16,48,462
464,2HNYB1H61DH675895,664,6,67,577
465,WBAGN63584D797278,333,8,43,656
466,1G6AE5SX1F0094253,377,12,14,676
467,JM1NC2NF0E0741438,96,3,70,571
468,1G6AH5S32E0618979,497,12,30,657
469,5N1AN0NW6EN126095,598,9,36,711
470,SCFAB02A26G666539,671,7,37,643
471,NM0KS9BN7DT122954,722,9,4,711
472,JH4DC53853S728024,111,10,86,693
473,1FTWW3DY6AE073336,5,17,69,214
474,1G6DA8E58C0017847,824,8,60,2
475,1G6DT57V380595979,586,3,49,64
476,WAUBFAFLXAA756667,36,3,8,371
477,WAUVT54B13N095291,753,4,32,88
478,JTEBC3EH9C2238076,458,5,41,826
479,WAUJC58EX2A819892,499,16,71,3
480,WDBWK5EA2AF398277,638,7,63,714
481,2T1KE4EE0CC792926,897,8,86,881
482,WAUPN94E98N078878,434,2,51,393
483,WP0AA2A95CS550233,784,18,77,639
484,JM1BL1L37C1734516,770,14,53,249
485,WAUBC48H66K738896,500,1,58,483
486,1G6AC5SX1D0631819,584,2,23,696
487,WAUWFBFL5BA413659,281,1,56,388
488,KMHHT6KD7DU626264,333,1,57,538
489,WBAYE4C54ED887179,792,18,88,861
490,1GKS1AE0XER212920,174,1,98,443
491,WAUHGAFC1CN122554,23,17,48,557
492,WBANW5C58AC592544,107,18,19,826
493,1FTMF1E81AF153440,105,16,10,246
494,2C3CDYCJ2DH403875,285,2,4,459
495,JTHSE5BC4F5667677,601,7,100,463
496,3GYFNFE31ES377481,73,19,82,117
497,JTHBL5EF4E5748866,942,13,48,439
498,KNAGM4AD6D5723272,855,13,57,65
499,5NPEB4AC6EH302466,351,4,37,446
500,3C6JD6BP7CG659660,340,13,4,75
501,1G6DC67A590332218,650,10,90,455
502,2T1BU4EE0DC048389,746,7,70,811
503,1G6AB1R34F0879838,968,4,59,75
504,5TDBK3EH6CS833726,114,10,66,149
505,137ZA90331E228911,96,18,75,921
506,WAUPN44E27N498855,589,12,73,62
507,WBAET37484N516815,813,9,21,42
508,WP1AE2A23EL992010,630,15,12,827
509,3N1AB6AP4BL994934,839,17,9,113
510,2FMGK5DC4AB811111,964,7,13,46
511,WAUDH78EX7A948037,11,11,4,566
512,JN8AZ2KR5CT132681,167,17,40,185
513,1GYS4AEF1ER474147,733,16,98,591
514,WBAFR9C57CD117032,775,13,25,454
515,5NPEB4AC9EH729737,363,12,18,839
516,4T1BF3EK0BU878019,700,4,39,83
517,1FTEX1CM6BF251348,679,9,51,143
518,5N1AA0NC6DN240632,989,19,57,727
519,JA32U1FU3AU789668,924,19,43,331
520,3VWC17AU7FM900577,630,2,32,278
521,WBA3X5C50ED099686,284,7,33,194
522,1G6AB5R37E0226684,995,19,2,252
523,2C4RDGCG1FR098483,275,2,35,544
524,KNADM5A39D6819603,753,2,75,31
525,1N4CL2AP4BC949554,958,7,9,73
526,JH4CU2E8XCC267272,302,10,3,968
527,2G4WE567351321468,732,6,86,698
528,5LMJJ3H58CE768540,304,14,59,147
529,1GD022CG7CZ438931,73,3,32,732
530,1FMJK1H56BE045771,229,16,72,631
531,WAUGFAFR8CA689175,420,5,71,522
532,1C4SDJCT7CC136072,588,11,48,581
533,1FTEX1CM4BF727290,889,12,8,733
534,WBAYF4C53FG038626,66,7,93,534
535,JN8BS1MW0EM200310,19,4,2,2
536,JTJBC1BA6E2703784,333,5,13,282
537,1FTEX1CMXBF091507,344,17,99,825
538,WAUGGAFC1CN705010,173,1,76,41
539,JTHKD5BHXB2187279,741,12,53,715
540,WBAKA4C54CD355798,716,4,24,721
541,SCBZK25E83C192212,145,19,53,23
542,1GYS3KEFXCR682212,663,19,82,516
543,KM8NU4CC8AU076479,53,6,95,5
544,WAUSF78E28A537407,607,7,75,378
545,2T1BURHE3EC523480,164,7,49,493
546,TRUWC28N311871814,104,15,9,126
547,WBAKG7C5XDJ384421,889,13,49,173
548,19UUA56862A691400,621,1,68,788
549,JN8AZ1MU6DW787170,676,9,57,688
550,WA1LGBFEXCD467585,929,6,71,243
551,1FTWX3B55AE225922,531,2,10,13
552,YV4952CF8B1925382,212,15,33,5
553,3VW1K7AJXDM374095,416,10,34,795
554,WA1YD64B72N857373,212,6,42,689
555,5N1AA0NC7EN054048,716,3,46,777
556,WAUBF98E68A888686,959,4,63,429
557,WAUKFBFL5DA960867,240,17,57,982
558,SCBET9ZA5FC145607,37,13,23,79
559,JH4CL95916C761979,730,12,18,919
560,WBAKE5C54DJ387826,119,2,71,564
561,2T1BU4EEXBC809345,530,14,68,213
562,1G6DE5EG4A0066450,584,12,53,786
563,WBANB53517C206129,676,18,42,649
564,WBA6B2C52ED506563,955,19,36,427
565,55SWF4JB9FU927586,155,15,55,11
566,WAUAF68E15A399165,776,9,57,265
567,JN8AS5MT6DW501031,224,11,1,44
568,WAUR4AFD4DN296903,311,4,56,482
569,1GYS4EEJ9BR453361,131,15,9,873
570,3D4PG7FG5BT486630,550,15,97,88
571,WAUMGBFL3AA880839,987,1,61,398
572,WAUAFAFL7FA694468,309,3,72,435
573,WBADW3C54CE899068,86,17,37,275
574,1FBAX2CM1FK010562,459,4,30,64
575,5NPDH4AE8CH353217,147,14,9,515
576,WBAYG0C57DD334575,18,7,38,711
577,WAUDH48H88K404611,379,14,5,319
578,1N4AL3APXDC810030,695,14,35,151
579,WBABW53464P243406,462,15,16,589
580,WUATNAFG5BN992220,401,18,37,523
581,WBAEU33472K330006,997,3,15,113
582,1G6ET12991B438328,568,15,24,516
583,2T1BU4EE7BC813367,868,1,48,782
584,WBA5B3C50FD907032,859,10,96,613
585,1N6AA0CH4FN466025,568,2,76,531
586,5FRYD3H27GB773993,104,10,19,578
587,WP1AE2A29BL372743,286,17,38,475
588,KNDMG4C70E6867710,635,15,24,635
589,WAUAH78E26A200173,604,5,3,897
590,JN8AZ2KR7ET160680,742,6,80,598
591,3D7LT2ET2AG294328,287,11,81,865
592,SCFAD02A38G354839,743,11,15,284
593,SAJWA4DC6BM686755,304,17,76,674
594,WBANU53508B433233,55,3,8,716
595,1G6DX6ED5B0693665,39,15,79,238
596,WAUEFAFL9EA261251,263,5,7,529
597,5GAEV23798J653008,520,16,97,776
598,2T1KE4EE2DC634198,88,12,18,819
599,1FMCU4K31BK685383,67,13,48,642
600,4A31K5DF3CE231067,485,13,65,361
601,WAUEFBFL3CN455138,960,13,73,628
602,WAUBG78E46A727672,906,4,49,578
603,4USBT33534L054285,992,17,45,845
604,SAJWA4EC2CM507465,258,7,29,859
605,1G4HR54K824928762,527,3,22,283
606,WBAUU33519A367590,631,16,51,158
607,1FTEX1CM8BF650892,540,3,37,154
608,5J6TF2H52FL516157,440,5,29,747
609,19UUA66267A662987,219,2,65,649
610,JN1AZ4EH2BM445127,926,17,90,579
611,WBABN33451J553813,66,18,9,185
612,WAUTFAFH0BN522161,939,3,2,714
613,1G6DU6EV4A0762409,965,3,90,579
614,WBXPA93414W087315,196,19,75,454
615,SCFFDCCD1CG241349,571,19,39,374
616,WBAPN7C54BA243594,779,6,70,662
617,JA4AS2AW1DU491636,344,4,97,334
618,1G6DL1E32C0581073,647,4,68,599
619,4T1BK1EB2EU257370,59,7,92,314
620,1LNHL9DRXCG684747,28,7,45,524
621,1G6YV36AX85852900,549,1,48,182
622,WBAPH7C55BA357921,228,14,95,851
623,4JGDA2EB6DA515679,771,7,2,665
624,3D7TP2CT4AG491704,626,8,80,36
625,WBAYF4C50DD809803,734,12,34,622
626,1GYFC332X9R989508,99,9,50,775
627,WAUEF78E88A388790,16,14,88,313
628,1GYS3CEF8DR651323,937,17,24,112
629,2FMHK6CC4AB166696,324,9,69,764
630,YV126MFB6F1805554,182,8,53,618
631,JTHBK1GG8E2913255,423,18,56,58
632,WBA3N7C55FK810524,256,3,61,134
633,5TDDK3DCXDS541870,945,19,18,728
634,19UUA65604A252914,398,16,72,838
635,WAUCD64B94N403125,865,10,83,218
636,3C63DRNL3CG528664,305,2,78,852
637,SAJWA0EX7E8248639,328,3,15,31
638,WDCGG0EB0FG469555,904,14,50,165
639,1B3CB3HAXAD108823,365,1,11,597
640,KMHGH4JH8CU625791,356,10,39,742
641,SCBZU25E61C325394,910,3,18,496
642,3C3CFFAR6FT222652,593,2,59,112
643,2C3CDZFJ5FH337701,61,3,22,468
644,2G61V5S33D9971132,501,5,74,462
645,5NPDH4AE2DH103618,211,6,37,333
646,1GYEK63N55R012362,366,17,91,391
647,5J8TB4H56EL817592,527,13,20,628
648,1N4AA5AP3CC763536,479,6,42,617
649,WBAGL63453D149425,587,2,60,223
650,4JGCB2FEXBA810749,46,15,27,687
651,WAUDF78E78A706040,479,18,94,757
652,JN1CV6EK1EM870791,359,12,61,6
653,1J4RG4GK9AC121945,110,8,9,155
654,2FMDK3AC5AB719789,850,2,49,569
655,5YMGY0C5XD0104930,85,8,28,719
656,WBA3B5C57FF388939,83,12,44,766
657,1N4AL2AP1AC490800,189,7,89,251
658,JN1AY1AR4CM679013,901,4,4,512
659,JN8AZ1MU7EW766443,488,6,17,712
660,JH4DC54842C525102,4,19,25,877
661,2G4WB55K111962868,446,2,49,592
662,1D4SE6GT0BC298356,581,13,71,95
663,KMHTC6AD5CU423643,354,6,31,973
664,2FMPK3J96FB235722,722,16,85,267
665,JH4DC54843C637772,30,12,41,717
666,1D7RE3GK9BS654591,186,1,79,728
667,1G6DK8E38D0177367,828,18,46,963
668,1GYFC53219R066412,386,11,6,893
669,1C3CDWDA4CD319006,486,18,59,954
670,WAUNF78P28A675799,340,10,88,836
671,1G6DC8E30E0756576,772,12,20,295
672,JN8AS5MT0FW823599,989,6,93,999
673,JTDKN3DU4B0057362,552,12,24,541
674,1G6DN57S150628084,125,14,96,992
675,KMHGH4JH0CU793795,250,13,10,913
676,SCFFDAAE5CG800062,121,11,59,72
677,KMHFC4DF0BA853708,168,17,80,355
678,WBA3R5C51FK413174,12,4,42,72
679,SCBLC43F65C728314,113,7,80,911
680,2HNYD18881H263870,357,17,91,185
681,1GYFC16299R490215,248,18,22,881
682,JN8AS5MT2AW791750,247,14,18,767
683,1G4GD5G34EF953908,836,3,35,182
684,1G6YV36A575595806,974,5,71,28
685,2C3CCACG5CH703777,906,16,39,322
686,JN1AJ0HPXBM450689,727,15,36,353
687,3D4PH9FV8AT149875,695,5,98,916
688,WAUAFAFL2CA361543,514,13,46,168
689,5GAKRAED0CJ194755,863,19,91,331
690,WDDNG7BBXBA343717,989,5,14,531
691,WAUAFAFH4BN834801,549,18,7,742
692,JM1NC2MF2D0404303,394,11,79,263
693,WBA3T3C52FP585710,59,16,12,336
694,WBA3N7C52EK082675,628,4,100,818
695,WAUAT48H95K743570,793,4,84,95
696,1GD01ZEG5BF442291,990,10,49,638
697,5J8TB18297A955842,923,17,91,672
698,1GYS3BEF5ER240649,639,16,14,211
699,YV1952AS6E1604457,289,17,52,425
700,1N6AD0CU2AC978407,634,13,86,222
701,1G6AB5RA3F0203838,714,7,25,619
702,19UUA9F5XDA240535,581,3,83,125
703,4T3BA3BBXDU761531,331,8,82,819
704,SCFAD02A45G510334,200,15,93,166
705,3D73Y4EL5BG164509,427,13,95,631
706,3C63DPHL5CG738408,829,10,77,562
707,WBSKG9C59BE655109,250,12,19,345
708,SCBBP9ZA8CC864806,889,8,100,745
709,2B3CA8CT3AH472044,696,3,43,864
710,WBAVD53528A706663,83,12,20,435
711,JTHFE2C25A2088116,27,9,83,531
712,1G6DU6EV2A0861360,188,14,81,191
713,5FRYD4H27EB782812,199,5,91,941
714,WVGAV7AX5CW629177,523,1,81,345
715,5UMBT93538L085210,981,5,58,886
716,1GD021EG1FZ264169,328,1,27,974
717,SALVN2BG2DH099286,424,6,17,61
718,1N4AA5AP5CC895536,842,6,69,673
719,3D73M3HL8BG146619,515,5,5,373
720,1FMJK1H58DE247983,1000,8,55,737
721,1GTN1TEX1BZ152264,957,11,95,19
722,WBAUN7C53BV754581,979,11,69,278
723,1FTSX2A58AE626570,914,18,1,88
724,TRURD28N161680023,146,7,32,998
725,5FRYD3H46GB744681,438,7,1,483
726,WAUNG74FX9N950324,457,6,82,763
727,WVGEF9BP8ED089363,832,9,36,273
728,WDDEJ7KB2AA212135,872,15,28,595
729,WBANW5C58AC434348,536,13,72,711
730,JTHBE5C21B5719119,613,15,44,817
731,SCFEBBAKXDG475777,803,10,67,819
732,1YVHZ8BH5A5218718,944,18,2,991
733,1N4AL3AP3DC372869,89,9,22,793
734,55SWF4JB4FU586257,359,6,51,473
735,1GD01ZCG0DF343965,166,1,64,539
736,19VDE1F74FE713442,7,12,37,371
737,WBA3C3C55FP322630,299,2,9,551
738,2T1BURHE4EC698790,903,8,4,578
739,5GADV23L05D164211,61,3,72,34
740,WBANV13529C999797,97,17,65,698
741,JH4DC53036S982703,945,18,61,875
742,SCBLF34F72C538632,686,3,17,936
743,2FMGK5C86FB772395,494,16,86,838
744,WBAPN7C58AA359508,502,13,5,435
745,KMHTC6AD3FU146169,222,3,86,56
746,3N6CM0KN2DK144218,897,16,59,452
747,5N1AA0NC5BN903315,344,1,96,66
748,JTDKN3DUXF0152126,443,16,60,71
749,1D7RV1CT1BS467252,108,12,44,811
750,3C63D3GL3CG130297,204,2,72,174
751,3N1AB6AP8AL450192,42,8,45,956
752,1N4AB7AP2DN970725,709,18,5,252
753,WBAPL33579A552209,494,5,98,982
754,WA1VMAFE7BD619039,741,15,42,161
755,WBABS53483E652593,487,9,2,745
756,1FTSW3A59AE688648,252,1,2,329
757,WA1YL64B64N254226,149,5,100,416
758,SCBBR9ZA3AC539097,724,9,79,987
759,5N1AA0NE5FN029684,201,13,53,286
760,WDBWK5EA7AF367476,646,18,63,1
761,1G6DA8E50C0859470,109,16,65,264
762,1FADP5CU7FL889000,207,6,7,816
763,1GYEC63T14R529202,936,17,83,927
764,VNKKTUD39FA197580,572,10,90,952
765,2FMDK4KC8AB086838,750,9,46,842
766,1VWAP7A31EC279883,663,15,76,321
767,WBA3K5C51EK102735,297,14,83,91
768,WAUUL58E45A514194,164,13,44,591
769,WAUSF98EX7A533891,396,17,2,874
770,JTJBM7FX6E5205839,49,19,18,744
771,WAUPN94E39N564264,414,16,25,978
772,3C63DRLL4CG959873,170,9,94,123
773,1GKS1CE05ER331339,290,14,22,515
774,4USDU53518L781089,938,17,41,399
775,JN8AS5MT0FW013244,845,5,17,868
776,WBA3A5C58EP790223,921,15,61,354
777,JTHBP5C20D5044179,702,2,40,751
778,JTDKTUD30DD681447,327,19,56,271
779,1FTSW3A55AE068864,973,17,97,413
780,SCFEDCAD2BG452444,607,15,38,819
781,WAUFGAFC2DN995156,746,10,80,912
782,3GTU1YEJ0DG458282,803,2,38,418
783,2T2BK1BA4EC286832,504,2,84,511
784,WAUVC58EX5A740910,947,5,92,513
785,1FTEW1C83AF448532,376,3,13,617
786,1FTSX2A51AE647762,558,17,22,944
787,19UUA66265A966608,305,9,16,896
788,WAUDFAFL4FN425740,636,10,90,621
789,1C4SDJCT5DC653291,297,6,50,391
790,WAUFGBFC3EN167365,260,7,98,547
791,JA4AP3AU8CZ263785,106,7,3,527
792,SCFBF03B08G540635,404,13,18,674
793,1FTEW1CW6AK054660,967,17,84,664
794,1GYS3CEF6BR397558,579,1,1,974
795,1FTFW1E89AK731395,87,14,91,734
796,1N6AD0CU2BC339395,114,19,52,71
797,WBABN33403P555307,358,3,48,881
798,2HNYD2H26AH430308,113,14,51,831
799,1N6AA0CA9BN875182,619,10,11,738
800,KMHTC6AD9DU667958,720,12,29,592
801,4T1BF1FK4CU388560,198,3,42,661
802,JH4DC43541S181504,901,2,15,363
803,JTDKN3DP0F3003412,492,11,27,486
804,WAULK98K99A824357,795,6,69,717
805,WVWAP7AN6EE636709,810,10,100,34
806,5BZAF0AA9FN321735,945,3,67,566
807,1G6AE5SX5D0111357,847,13,58,769
808,JM3KE2BE2D0647754,23,19,70,151
809,WUARL48H84K028335,574,15,10,312
810,1G6KD5E61BU297432,320,5,6,94
811,JTJBC1BA0B2873621,102,17,91,112
812,5N1AA0NC9EN949444,472,5,72,221
813,2G61L5S39F9685312,675,12,46,732
814,1D4PU4GK1AW054331,882,5,35,792
815,3VW517AT6FM751868,874,11,57,211
816,SAJWA2EKXEM717987,740,6,31,943
817,WDDJK7DA5FF327015,589,18,47,339
818,4A31K3DT4AE867410,604,10,11,853
819,1GT022CG0EF654192,345,1,26,227
820,1C3CDFCB1ED693652,304,1,8,351
821,YV440MBK3F1858585,72,9,75,421
822,JH4KB2F56BC046482,394,15,51,347
823,KMHTC6AD8EU954869,323,3,48,387
824,4F2CY0C76AK661598,154,14,90,371
825,WAUBF98E48A953549,916,2,51,76
826,2C3CCAAG0FH513991,705,5,30,467
827,4JGBF2FE5AA378411,83,19,13,372
828,SALME1D43CA249731,559,15,78,153
829,WAUBF98E98A606685,711,2,76,469
830,1FMJK1H59BE416891,567,8,40,517
831,JTDZN3EU5FJ272021,936,14,95,563
832,1G4CW54K144935252,47,8,62,663
833,2B3CJ7DW6AH151313,571,11,57,131
834,TRUUT28N111905580,721,14,13,362
835,YV126MFK4F1282793,133,1,13,34
836,2C3CDYBT3CH898170,900,16,82,477
837,WAUAT48H04K330905,334,16,60,492
838,WAUDH78E47A728098,924,19,98,241
839,1GYS4KEF4ER107135,331,8,90,693
840,1G6DK1E34C0187643,609,13,16,241
841,WBAVB73597P535715,253,9,74,621
842,JH4KB2F67CC431656,767,6,95,895
843,1ZVBP8JZ5E5576299,480,15,66,471
844,WVWAP7AN7DE537833,555,1,52,881
845,SCBCR63W44C941612,563,18,56,899
846,5N1AR2MM0EC134639,988,14,37,283
847,1G6AE5SXXF0416839,835,18,35,724
848,SALVP1BG5FH406733,329,15,32,641
849,1G4GL5G31DF575838,551,3,42,74
850,WBAFU7C59BD082415,134,19,35,623
851,1G4GC5ER9CF784704,712,11,41,336
852,1GKS2FEJ3DR386524,900,1,84,317
853,SCBFT7ZA5FC409532,159,2,85,83
854,4T1BF1FK5EU861790,88,11,86,923
855,3GYEK63N83G364753,867,10,11,865
856,1FTMF1EW5AF476355,304,6,34,311
857,1G4HP52K854501837,31,17,28,66
858,WAUML44D13N308165,952,16,24,187
859,3D7LT2ET0BG296936,588,18,90,518
860,TRUUT28N531558452,602,9,7,313
861,1GKS1HE0XDR167193,548,3,50,825
862,WP1AA2A20BL858613,720,17,60,736
863,1YVHZ8BH7A5004118,208,4,64,471
864,JTEBU5JR2F5940251,800,16,11,912
865,WAUUL68EX5A399977,177,1,64,499
866,5UXFG8C59AL025196,893,14,53,65
867,WBXPA73405W692576,779,12,78,785
868,4A37L3ET0AE142070,496,15,91,21
869,WAUSFAFL9AA576791,425,14,3,188
870,1FAHP3EN6AW091753,192,7,23,116
871,WBAKA4C56CD841786,137,8,52,274
872,SCBLF34F15C072507,208,10,64,3
873,1G6AH5SX9E0608467,846,9,65,354
874,WAUWFBFL9CA829778,289,13,88,829
875,WBA3A9C55FF932395,352,10,30,798
876,1G6DE8E59D0598507,169,15,85,14
877,YV4902DZ3B2114008,694,17,25,591
878,1C3BCBGG6EN402392,54,19,60,412
879,3D7JV1EP2AG036020,970,15,27,39
880,4T1BK3DB3AU630312,666,9,95,582
881,3GYFNEEY3AS720291,523,9,10,755
882,JM1NC2MF8D0681473,234,10,91,425
883,JN1AZ4EH6BM668691,713,19,63,99
884,WBABN53432J688396,417,8,46,537
885,WBA3R5C57FF126401,5,14,38,96
886,SCBET9ZA0FC349960,839,10,76,11
887,1G6DS8E39C0797076,230,8,23,415
888,2C4RDGCG9FR604075,423,12,45,559
889,JH4CU4F48AC019641,523,6,35,659
890,5UXZV4C55BL413314,469,16,15,56
891,3C4PDDDG9FT918231,377,5,89,791
892,1FTWW3B53AE104535,42,10,55,169
893,5FRYD4H64EB206257,129,19,65,227
894,WAUFFBFL4BN133384,537,2,98,31
895,JTHBW1GG3E1858420,121,11,10,517
896,5N1AA0NC8AN309882,777,2,7,886
897,1N6AF0LY1FN562115,917,12,60,96
898,3D7LT2ET8AG576893,772,18,46,721
899,2B3CA7CW0AH768482,54,16,65,417
900,WAUKFAFL6BN481874,236,10,79,217
901,3D7TP2CT4AG402326,739,5,45,891
902,5N1AR2MM3DC178309,424,10,76,239
903,1FADP3E28DL092350,810,1,67,995
904,3D73M4CL0BG469527,833,11,49,848
905,WAUAFAFH0CN387269,21,6,53,987
906,1FTMF1C84AK643669,692,12,10,864
907,5TDDK3DC5DS502264,98,10,11,729
908,JM3TB2MA8A0012489,736,2,46,693
909,WBSPM93529E192304,333,2,49,229
910,WBA5A5C53ED457809,965,8,15,795
911,WAUMGAFL0CA395586,700,6,73,919
912,2T1BU4EE2DC651215,459,19,85,48
913,5N1AZ2MH7FN839169,70,17,100,695
914,WA1YD64B25N666187,163,14,43,147
915,WBA3B9C51EP836169,587,14,89,969
916,JH4NA21691T211813,77,16,66,328
917,3D7TT2CT4BG795161,685,3,9,576
918,3N1BC1AP6AL722565,307,14,33,611
919,WBAPH7G59AN557203,359,17,24,672
920,1FT7W2A63EE554832,314,4,13,556
921,3FADP0L39BR390849,810,11,44,531
922,WAUNF68P56A079559,981,7,57,331
923,WBA3B9C54EP996806,281,10,62,627
924,WBABW33475P836679,280,2,68,652
925,3MZBM1U70EM715789,486,7,60,366
926,WDDLJ7DB4EA909123,326,1,46,881
927,WBA5B3C50FD356245,926,12,69,381
928,JN1AZ4EHXAM333934,283,18,81,661
929,KL4CJFSBXDB278095,156,5,22,976
930,5FRYD3H84EB065430,330,15,15,121
931,1FTFW1E84AF174341,534,19,99,817
932,KMHDB8AE1AU693221,312,16,4,916
933,4JGBB9FB1BA804641,262,11,41,178
934,2C3CCAJT3CH584949,952,18,56,925
935,SCBBB7ZH9FC982920,602,4,48,64
936,WAUAF78E48A623586,338,11,59,911
937,TRUWT28NX21371425,353,16,71,17
938,WBAWL73538P290185,947,19,49,413
939,WAUWFAFH4AN334643,522,6,60,838
940,1G4HB5EM4AU726858,499,13,85,872
941,JH4CU25609C285853,834,2,57,587
942,KMHD35LH8FU852245,189,3,33,411
943,WVWED7AJ0CW718157,779,6,94,167
944,JH4DC54822C439755,866,14,25,519
945,5NPEB4AC3EH070439,462,11,13,72
946,KNAFK4A61E5715990,3,1,39,885
947,WBAKA4C52CC601768,331,4,77,79
948,KMHTC6AD4DU566939,321,3,60,94
949,WAUNF78P06A640353,903,7,41,68
950,5N1AA0NC7EN305845,737,11,48,421
951,WAUUL68E75A953394,620,7,12,714
952,1G6AD5SX2D0002471,599,19,31,793
953,2G61L5S35F9497161,260,12,42,539
954,WA1VMAFE4DD343535,405,4,17,215
955,KMHFC4DD8AA734334,177,11,97,441
956,YV1902FH7D2571621,65,19,24,612
957,WAUSG94F89N282229,860,9,75,918
958,3LN6L2G9XFR691592,873,14,85,614
959,3C4PDCEG4FT181707,985,12,4,129
960,WBAVA33597F853478,826,5,78,761
961,WAUDG78E56A801464,982,14,63,83
962,WA1CFBFP6CA821110,169,4,80,65
963,JH4KA966X1C916401,96,4,30,155
964,2T1BU4EE7BC216204,679,16,63,857
965,WAULC58E42A069706,804,14,7,788
966,WAUKH78E26A452168,938,19,6,941
967,1GYFK33209R031027,829,12,53,682
968,19UUA9F51CA559840,879,5,95,269
969,WA1LGBFE8CD221036,645,1,79,113
970,JN8AZ2NC6B9333024,370,1,23,813
971,WAUBF48H67K375069,193,9,14,191
972,1G4GC5GC5BF562815,855,15,40,285
973,WBAYM1C58DD634110,370,14,19,341
974,1N6AD0CU0DN794768,522,3,50,31
975,WBADT63433C488970,380,9,78,646
976,1GD422CG2EF036661,659,3,20,655
977,3D7TT2CT1BG826740,661,15,5,549
978,3N1CN7AP0DL239658,710,1,11,382
979,1ZVBP8JS7B5861844,124,16,34,647
980,SALAF2D49AA285541,988,19,48,498
981,JH4DC43571S018118,263,1,10,463
982,WAUCFAFH5FN088650,277,12,86,348
983,WBA3A5G51EN148514,433,15,3,542
984,WBAAV33451E216501,548,2,47,998
985,WBAWL1C57AP483815,280,2,83,76
986,JHMZF1C65FS243553,563,10,46,858
987,WAUR4AFD0DN523648,522,9,85,483
988,1GYUKAEF9AR024576,296,8,32,737
989,2HNYD18915H598046,138,1,30,68
990,KM8JT3ABXCU880971,630,14,49,837
991,1FA6P8AM4F5944522,921,7,60,974
992,5NPDH4AE7CH348963,648,19,13,228
993,WBAWR33507P107282,227,13,25,444
994,1G6KD5E67BU215221,746,4,28,42
995,1GD322CG4EF215294,823,1,79,634
996,1G6DL5ED2B0208632,467,5,94,61
997,KM8NU4CC4AU458377,996,18,5,692
998,WBAVA33507P068308,79,11,73,353
999,1GKS1GEJ8CR389748,983,13,6,974
1000,3GYFNEE36CS476062,856,9,79,865